MasterID,date,mean.svl,bci,next.bci
2,11/4/2010,55.95,0.863563907,0.621593124
5,11/4/2010,55.88,0.096734941,-0.023879577
8,11/4/2010,65.66,0.188622394,0.280655626
10,11/4/2010,61.98,0.5041184,-0.157995799
12,11/4/2010,62.5,0.575068394,0.046472117
13,11/4/2010,59.16,0.761388706,0.158236989
15,11/4/2010,42.8,0.198661689,-0.117978974
16,11/4/2010,35.76,0.277146702,-0.492187302
18,11/4/2010,44.37,0.00732963,0.218208724
20,11/4/2010,59,0.420577454,-0.513311124
23,11/4/2010,52.2,0.045986552,-0.306710075
28,11/4/2010,64.2,0.495429324,0.848997352
29,11/4/2010,60.5,0.504458366,0.222146536
30,11/4/2010,56.12,-0.057609066,0.01147429
34,11/4/2010,56.02,0.640222766,-0.234656002
35,11/4/2010,67.75,0.387964708,0.084304627
36,11/4/2010,57,0.668421157,-0.185281059
37,11/4/2010,45.8,0.058122154,0.577687187
38,11/4/2010,41.8,0.127725165,-0.213587613
40,11/4/2010,61.9,0.102401013,0.070208767
41,11/4/2010,63.8,0.236536192,-0.064802567
47,11/4/2010,61.5,0.621914906,-0.265966724
52,11/4/2010,57.4,0.813985603,0.347946526
53,11/4/2010,61.6,0.704241632,-0.379475838
54,11/4/2010,54.4,0.230606299,0.37523148
58,11/4/2010,56.9,0.598997836,0.672299559
60,11/4/2010,58.6,0.151633986,0.232863517
65,11/5/2010,61.69,0.374603045,0.210217782
28,11/5/2010,58.51,0.848997352,0.288964413
67,11/15/2010,63.86,0.620347422,-0.30020962
68,11/15/2010,59.26,0.374495809,-0.319416239
69,11/15/2010,56,0.57764629,0.292173521
75,11/29/2010,61.15,0.137535897,-0.071112504
77,11/29/2010,54.5,0.449065199,0.09693877
78,11/29/2010,58.2,-0.080941838,0.017435837
16,11/30/2010,45,-0.492187302,-0.254194989
85,11/30/2010,61.9,-0.025432358,-0.239003888
86,11/30/2010,62.8,-0.001636251,-0.289932037
87,11/30/2010,61,-0.36626275,-0.589002663
52,11/30/2010,57.7,0.347946526,0.22864641
90,11/30/2010,60.7,0.096741423,-0.312146479
91,11/30/2010,59.1,0.291840154,-0.455650961
93,11/30/2010,58.5,0.156318637,-0.346953584
98,12/17/2010,59.02,-0.193463949,-0.12894578
102,12/17/2010,64.3,-0.366705559,-0.263200425
103,12/18/2010,52.15,0.230650434,-0.007644154
105,12/18/2010,69.5,-0.476776026,-0.192883058
107,12/18/2010,60,-0.031734166,0.210743852
68,12/31/2010,60,-0.319416239,-0.277687327
113,12/31/2010,47.4,-0.268146693,-0.260036859
118,1/1/2011,50.5,-0.279839486,-0.215937
102,1/1/2011,58.8,-0.263200425,-0.037908593
120,1/1/2011,49.2,0.340676767,-0.092555988
122,1/1/2011,54.4,0.097074906,-0.381640822
124,1/1/2011,61.2,-0.027325358,-0.266321262
126,1/1/2011,60.8,-0.069211375,-0.051617841
131,1/1/2011,58.9,-0.187842368,-0.027471799
133,1/1/2011,53.6,-0.106609941,0.060444144
137,1/1/2011,67.5,-0.383083003,-0.241876712
140,1/1/2011,51.2,-0.194849009,-0.071441854
143,1/1/2011,60.55,-0.19103114,-0.423159598
144,1/1/2011,59.3,0.272992108,0.272992108
145,1/1/2011,61,-0.017956056,-0.017956056
146,1/1/2011,52,-0.126965702,-0.126965702
856,1/1/2011,54.5,-0.148771802,-0.340274606
13,1/1/2011,64.6,0.158236989,0.122105529
154,1/2/2011,50.1,-0.261100882,-0.295706065
156,1/2/2011,56,0.15565188,-0.385915407
145,1/2/2011,61,-0.017956056,0.268100731
157,1/2/2011,59.4,-0.137157652,-0.590722368
158,1/2/2011,69.5,-0.071310918,-0.065207758
159,1/2/2011,61,0.039202358,-0.290809028
47,1/2/2011,65,-0.265966724,0.022662988
166,1/5/2011,63,0.05086985,-0.017652857
34,1/5/2011,68,-0.234656002,-0.029793249
167,1/5/2011,48,-0.044940172,-0.366464133
170,1/5/2011,70.5,-0.351772281,-0.351772281
172,1/5/2011,50,0.062037501,-0.365652039
175,1/6/2011,59.5,0.109472125,-0.00831091
177,1/19/2011,58.5,0.156318637,-0.227014344
103,1/25/2011,62,-0.007644154,0.558661322
178,1/25/2011,62,0.146506526,-0.043600765
181,1/31/2011,49,-0.209569719,-0.102624595
182,1/31/2011,64,-0.158495591,-0.34567017
93,11/3/2011,64,-0.346953584,-0.387612474
186,11/3/2011,63.6,-0.132722959,-0.376440779
172,11/3/2011,55.5,-0.365652039,-0.462363723
177,11/4/2011,63.9,-0.227014344,-0.260599344
187,11/9/2011,64.8,-0.116835479,0.18993353
188,11/9/2011,50.1,-0.281303589,0.03553268
191,11/9/2011,64.5,-0.250071735,-0.342363804
20,11/9/2011,68.5,-0.513311124,0.152605705
194,11/9/2011,62.2,-0.318118549,0.112366178
196,11/9/2011,57.6,-0.170974173,-0.48061273
197,11/9/2011,54.7,-0.37223482,-0.462303013
198,11/9/2011,52.9,-0.157198992,-0.203995549
199,11/9/2011,49.9,-0.125098928,-0.203267911
118,11/9/2011,54.9,-0.215937,-0.175880103
200,11/9/2011,57.6,-0.167763897,-0.068796376
98,11/10/2011,66.1,-0.12894578,-0.405744296
202,11/10/2011,59.7,-0.259751774,-0.179063313
205,11/10/2011,63.5,-0.450589206,0.273466682
206,11/10/2011,67.4,0.163925939,0.565021312
207,11/10/2011,53,-0.189941596,0.221498664
143,11/10/2011,62,-0.423159598,-0.189157281
213,11/10/2011,47.8,-0.345725798,0.063757205
217,11/10/2011,54.9,-0.243017959,-0.192281452
218,11/10/2011,55.9,-0.317699269,-0.24505692
219,11/14/2011,58.2,-0.417414074,0.305404827
220,11/15/2011,56.9,-0.134971339,-0.193611691
196,11/15/2011,57.3,-0.48061273,-0.228893102
15,11/16/2011,56.4,-0.117978974,-0.178479438
191,11/16/2011,64.5,-0.342363804,-0.139258439
224,11/16/2011,67.1,0.096240009,-0.027827107
225,11/16/2011,66.1,-0.090362314,0.103754829
220,11/16/2011,57.1,-0.193611691,0.13171785
197,11/16/2011,53.3,-0.462303013,-0.053880898
118,11/16/2011,50.7,-0.175880103,0.122286721
196,11/16/2011,55.5,-0.228893102,-0.21027059
229,11/21/2011,69.6,-0.144988441,0.417771592
105,11/22/2011,68.5,-0.192883058,-0.513570507
232,11/23/2011,53.1,-0.310886053,0.040620867
53,11/23/2011,72.9,-0.379475838,-0.03986615
131,11/23/2011,64.8,-0.027471799,-0.065068782
217,11/23/2011,52.7,-0.192281452,-0.172773543
234,11/23/2011,54.2,-0.095497135,-0.508806365
235,11/23/2011,51.4,-0.327013889,-0.46709079
196,11/23/2011,55.5,-0.21027059,-0.306383579
77,11/27/2011,65,0.09693877,-0.376391729
236,11/27/2011,55.6,0.123097191,0.117059872
238,11/27/2011,52.6,-0.292039464,0.129927699
122,11/27/2011,59,-0.381640822,-0.181508261
239,11/27/2011,59.8,-0.426580752,-0.10496888
75,11/27/2011,66.4,-0.071112504,0.054936845
158,11/27/2011,60.5,-0.065207758,0.017721253
126,11/27/2011,64.8,-0.051617841,-0.219737869
242,11/27/2011,66.5,-0.578308053,-0.300223385
53,11/27/2011,66.1,-0.03986615,-0.386660226
243,11/27/2011,49,-0.105209704,-0.305896499
167,11/27/2011,50.8,-0.366464133,0.197459203
67,11/27/2011,69.8,-0.30020962,-0.388385311
244,11/27/2011,54.1,-0.144685474,0.07650472
177,11/27/2011,61.1,-0.260599344,-0.260599344
68,11/27/2011,64.6,-0.277687327,-0.051737655
247,11/27/2011,50.2,0.067108882,0.327888729
248,11/27/2011,55.4,-0.172915157,0.328144856
250,11/27/2011,52.7,-0.200580255,-0.268396652
200,11/27/2011,54,-0.068796376,-0.17206871
251,11/27/2011,54.2,-0.120277164,-0.0367761
177,11/28/2011,61.1,-0.260599344,-0.087924679
256,12/5/2011,50.2,-0.270798075,0.01457216
257,12/5/2011,62.8,-0.246286008,0.268032644
90,12/6/2011,68.5,-0.312146479,-0.522538869
177,12/6/2011,56.1,-0.087924679,-0.652201319
259,12/6/2011,57,-0.418827373,-0.221421138
260,12/7/2011,58.8,-0.173969291,-0.113291587
120,12/7/2011,53.3,-0.092555988,0.482438786
200,12/15/2011,53.8,-0.17206871,-0.029793249
261,12/20/2011,60.95,-0.841956225,-0.302095381
267,12/21/2011,63.4,-0.629517268,-0.177616509
250,12/21/2011,51.7,-0.268396652,-0.025197268
271,12/22/2011,62,-0.361149523,0.323154252
276,12/23/2011,65.8,-0.69278966,-0.033334398
87,12/26/2011,62.7,-0.589002663,0.050000414
277,12/26/2011,60.18,-0.247805903,-0.247805903
278,12/26/2011,52.35,-0.471866048,-0.640942378
280,12/27/2011,55.9,-0.484020485,-0.026665875
235,12/27/2011,49.6,-0.46709079,0.040706801
282,12/31/2011,56.4,0.045346082,-0.115082186
172,1/10/2012,52.5,-0.462363723,-0.512533531
285,1/10/2012,56.5,-0.391175781,-0.222325983
285,1/11/2012,51.5,-0.222325983,-0.613356198
288,1/21/2012,61,-0.438833443,-0.291620459
122,1/24/2012,58.3,-0.181508261,-0.132030192
186,1/26/2012,61.5,-0.376440779,-0.128154268
122,1/27/2012,56,-0.132030192,0.026814999
285,1/27/2012,61.6,-0.613356198,-0.260839214
291,1/27/2012,46.7,-0.517338186,-0.46404232
282,2/18/2012,56.2,-0.115082186,0.332711522
292,2/19/2012,58,-0.183302499,0.044629691
293,2/19/2012,55.4,-0.205585939,-0.209282801
294,2/19/2012,60,-0.319416239,-0.349212196
118,2/19/2012,50.5,0.122286721,-0.154054776
295,2/28/2012,59.5,-0.309416003,-0.309416003
294,3/2/2012,54.4,-0.349212196,-0.253220411
206,3/8/2012,59.6,0.565021312,-0.423567335
297,3/8/2012,63.5,-0.290007636,-0.034861332
194,3/8/2012,60,0.112366178,-0.141757477
197,3/11/2012,49.3,-0.053880898,-0.053880898
299,3/11/2012,55.3,-0.297688573,-0.297688573
288,3/11/2012,63,-0.291620459,0.019552479
143,3/12/2012,64.3,-0.189157281,0.145840341
188,3/17/2012,54,0.03553268,0.267679921
259,3/18/2012,62.5,-0.221421138,-0.378462728
166,11/2/2012,74.2,-0.017652857,0.329657663
307,11/3/2012,56.1,0.460288477,-0.153306306
308,11/3/2012,62,0.035840958,-0.356772025
914,11/3/2012,62.9,0.53674532,-0.098225762
309,11/3/2012,56.4,0.159163885,0.103873422
309,11/4/2012,56.4,0.103873422,0.34087276
145,11/4/2012,65.3,0.268100731,0.277024323
310,11/5/2012,63.4,0.075190735,-0.557750985
107,11/6/2012,57.9,0.210743852,0.41804772
311,11/6/2012,50.06,-0.159381686,-0.127803751
311,11/12/2012,53.1,-0.127803751,0.630989002
280,11/12/2012,58.4,-0.026665875,0.393969614
120,11/12/2012,54,0.482438786,-0.181128422
309,11/13/2012,50.15,0.34087276,-0.177901003
312,11/13/2012,50.55,0.017922781,-0.401307027
313,11/13/2012,50.24,0.233115895,-0.022633919
314,11/20/2012,54.9,-0.295343778,-0.095599578
224,11/27/2012,62.9,-0.027827107,0.28007714
310,11/27/2012,62.6,-0.557750985,0.629712257
315,11/27/2012,59.1,-0.212715857,-0.012938884
307,11/27/2012,59,-0.153306306,0.158234253
308,11/27/2012,60,-0.356772025,0.495678942
53,11/27/2012,69.9,-0.386660226,-0.05274037
316,11/28/2012,62.4,0.292474932,0.40867972
87,11/28/2012,62.5,0.050000414,0.843702584
285,11/28/2012,54.6,-0.260839214,0.243363115
313,11/30/2012,47.9,-0.022633919,0.433141632
317,11/30/2012,57.1,-0.311394726,0.291350874
259,11/30/2012,63.1,-0.378462728,0.360158044
248,12/8/2012,45.6,0.328144856,0.165602211
47,12/8/2012,57.8,0.022662988,-0.240324162
309,12/8/2012,51.4,-0.177901003,-0.173663667
318,12/9/2012,56,-0.256082841,-0.07953778
267,12/9/2012,65.1,-0.177616509,0.256048719
220,12/9/2012,49.2,0.13171785,0.375467609
319,12/9/2012,59.8,-0.347402723,0.124986221
250,12/9/2012,50.5,-0.025197268,0.009037728
320,12/9/2012,66.1,-0.275876212,0.126734461
187,12/9/2012,52.6,0.18993353,0.057248195
77,12/10/2012,69,-0.376391729,0.623921528
321,12/10/2012,54.2,-0.458184121,-0.629220871
188,12/16/2012,44.9,0.267679921,0.035199503
120,12/16/2012,54.4,-0.181128422,0.273365293
213,12/16/2012,45.2,0.063757205,-0.258427502
181,12/17/2012,57.6,-0.102624595,-0.055524126
285,12/17/2012,51.7,0.243363115,0.182738493
914,12/17/2012,65.4,-0.098225762,0.822991039
323,12/17/2012,59.1,-0.155036745,-0.05044747
324,12/17/2012,53.7,-0.186802145,0.085765753
285,12/17/2012,51.7,0.182738493,-0.163879337
325,12/18/2012,60,-0.139876325,0.367723852
235,12/25/2012,47.1,0.040706801,0.127178085
856,12/26/2012,59.2,-0.340274606,0.190662843
326,12/28/2012,51.3,0.360716847,0.49332257
328,1/8/2013,55.7,-0.288369224,0.138210966
329,1/9/2013,59.6,-0.499128573,0.171375619
329,1/10/2013,50.7,0.171375619,-0.400750898
331,1/11/2013,55.7,-0.069186074,-0.04868141
172,1/11/2013,65.5,-0.512533531,0.131610968
333,1/11/2013,62.1,-0.526865008,-0.314058478
334,1/15/2013,57.6,-0.08772119,-0.032100055
213,1/16/2013,54.2,-0.258427502,-0.021949865
336,2/11/2013,59.65,-0.204684059,-0.293069629
337,2/11/2013,49.05,0.011231507,-0.0089712
337,2/11/2013,49.05,-0.0089712,0.050989323
338,2/25/2013,56.8,0.066881377,0.029343457
914,2/25/2013,54.8,0.822991039,0.255457232
38,2/25/2013,51.6,-0.213587613,0.333392781
856,2/25/2013,61.3,0.190662843,-0.067062732
219,2/25/2013,62.5,0.305404827,0.1669621
339,2/25/2013,66.4,0.150874309,-0.142771833
205,2/25/2013,64.4,0.273466682,0.21339349
60,2/26/2013,62.9,0.232863517,0.12409664
187,2/26/2013,68.2,0.057248195,-0.032045042
343,2/26/2013,69,0.0831406,0.075380928
325,2/26/2013,62.8,0.367723852,-0.226257429
236,2/26/2013,68.8,0.117059872,0.139142345
308,2/26/2013,60.1,0.495678942,-0.237276354
345,2/26/2013,73.3,0.32915661,-0.01782447
346,2/26/2013,64.6,0.52403684,0.517028393
257,2/26/2013,72.4,0.268032644,0.488405152
886,2/26/2013,61.2,0.22686076,0.248246413
166,2/26/2013,72.6,0.329657663,0.10250223
348,2/26/2013,66.5,0.130637245,-0.0230281
40,2/26/2013,78.2,0.070208767,0.27220713
20,10/19/2013,76.4,0.152605705,0.391852876
235,10/22/2013,58.3,0.127178085,0.141623228
40,10/22/2013,72.2,0.27220713,-0.101628128
166,10/22/2013,73.3,0.10250223,-0.048855614
914,10/22/2013,69.4,0.255457232,-0.192184952
267,10/23/2013,71.45,0.256048719,0.269120801
200,10/23/2013,61.7,-0.029793249,-0.317269097
188,10/23/2013,54.4,0.035199503,0.021454303
349,10/23/2013,73.2,0.019002483,0.551496087
107,10/23/2013,65.8,0.41804772,0.006850471
317,10/23/2013,62.8,0.291350874,-0.015498692
267,10/23/2013,71.45,0.269120801,0.332015791
257,10/28/2013,68.9,0.488405152,-0.034704834
307,10/28/2013,65.3,0.158234253,-0.051136007
310,10/28/2013,66.4,0.629712257,0.387290913
346,10/29/2013,68.1,0.517028393,0.347001663
310,10/30/2013,70.7,0.387290913,-0.372630031
145,10/30/2013,67.5,0.277024323,-0.321098869
280,10/31/2013,57.2,0.393969614,0.114014806
326,10/31/2013,57.8,0.49332257,-0.210560422
337,10/31/2013,55.2,0.050989323,0.316887593
267,11/1/2013,68.6,0.332015791,-0.189920505
351,11/1/2013,52.4,0.514919682,0.447862714
313,11/1/2013,53.7,0.433141632,-0.169649371
353,11/18/2013,61.9,-0.05308389,0.425120135
337,11/18/2013,46.7,0.316887593,0.05062943
187,11/21/2013,61.6,-0.032045042,-0.016071344
318,11/22/2013,63.2,-0.07953778,-0.034134904
47,11/22/2013,68.3,-0.240324162,0.055275519
355,11/22/2013,69.1,-0.281985478,0.069451378
356,11/23/2013,57.6,-0.126941903,-0.395179384
145,11/23/2013,65.8,-0.321098869,0.067108853
312,11/23/2013,59.1,-0.401307027,-0.231698995
181,11/23/2013,57.9,-0.055524126,-0.088390119
307,11/25/2013,61.2,-0.051136007,0.499156839
334,11/26/2013,61.7,-0.032100055,-0.226499507
308,11/26/2013,61.9,-0.237276354,0.2421417
914,11/26/2013,63.9,-0.192184952,0.32178077
187,11/26/2013,60.4,-0.016071344,-0.063051553
356,11/26/2013,61.9,-0.395179384,0.609580657
107,11/26/2013,61.5,0.006850471,0.488215664
321,11/26/2013,64.6,-0.629220871,0.217930511
345,11/26/2013,73.6,-0.01782447,0.093179077
200,11/26/2013,62.5,-0.317269097,-0.026383246
310,11/26/2013,66.9,-0.372630031,0.180320379
187,11/26/2013,60.4,-0.063051553,0.428733249
40,11/27/2013,70.5,-0.101628128,0.115597591
167,11/27/2013,53.9,0.197459203,0.397736661
219,11/27/2013,57.5,0.1669621,-0.142665727
38,11/27/2013,53.5,0.333392781,0.545871888
358,11/27/2013,62.4,-0.134215463,0.327645351
213,11/27/2013,53,-0.021949865,0.034826651
172,11/29/2013,54.5,0.131610968,0.196324909
359,12/1/2013,66.5,-0.441597007,-0.089088656
267,12/2/2013,69.1,-0.189920505,0.0530549
328,12/3/2013,58.6,0.138210966,0.169440184
361,12/4/2013,62.4,-0.076507145,0.170372103
337,12/5/2013,54.2,0.05062943,-0.005908477
288,12/5/2013,68.5,0.019552479,0.020651878
154,12/5/2013,65.9,-0.295706065,-0.005725802
248,12/5/2013,56,0.165602211,0.107898889
267,12/5/2013,65.6,0.0530549,0.484060292
337,12/10/2013,50.9,-0.005908477,0.260108167
348,12/21/2013,60.6,-0.0230281,0.21875488
288,12/22/2013,64.4,0.020651878,0.394005325
219,12/22/2013,60,-0.142665727,-0.305805094
219,12/23/2013,63,-0.305805094,-0.081545624
219,1/13/2014,56.3,-0.081545624,0.023336577
348,1/14/2014,67.9,0.21875488,0.001391782
348,1/27/2014,65.3,0.001391782,0.316608649
356,2/10/2014,57,0.609580657,0.591921572
40,3/11/2014,72.1,0.115597591,0.245586489
187,4/4/2014,63.9,0.428733249,0.507864255
205,4/6/2014,66,0.21339349,-0.191012306
349,4/6/2014,70,0.551496087,0.153341424
308,4/8/2014,71.7,0.2421417,-0.313179125
40,4/17/2014,71.2,0.245586489,-0.265288527
351,4/17/2014,65.6,0.447862714,-0.095184421
353,4/26/2014,61.7,0.425120135,-0.473534036
20,4/26/2014,69.4,0.391852876,0.061424047
358,4/26/2014,74,0.327645351,-0.32513641
906,5/9/2014,59.4,-0.166145189,-0.223336754
585,9/13/2014,45.2,0.32612147,0.07877911
38,10/14/2014,50.7,0.545871888,0.123082026
172,10/14/2014,58.3,0.196324909,0.003047099
587,10/14/2014,47.2,0.065374362,-0.624562755
857,10/14/2014,56.7,0.076815384,-0.017451422
618,10/26/2014,53.3,0.23347229,0.313329788
620,10/26/2014,58.2,-0.235092518,-0.181508261
918,10/26/2014,51.3,-0.156048548,0.182587141
621,10/26/2014,41.1,0.021255656,0.038350089
621,10/27/2014,41.1,0.038350089,0.158415445
623,10/27/2014,52.2,-0.093275515,0.0230626
620,10/27/2014,58.3,-0.181508261,-0.355117066
207,10/27/2014,59.1,0.221498664,0.137200194
645,10/28/2014,50.2,-0.066934674,0.284369547
646,10/28/2014,51.5,-0.341799636,-0.832045861
647,10/28/2014,47.5,-0.33775089,-0.489346592
593,10/29/2014,58.2,-0.145861384,-0.332193296
594,10/29/2014,50,-0.297238225,-0.344368134
908,10/29/2014,56.7,-0.063470256,0.601971208
596,10/29/2014,56.2,-0.16500936,-0.117034127
597,10/29/2014,49.8,0.022980209,0.067714218
660,10/29/2014,54.2,-0.156777566,-0.168185451
661,10/29/2014,51.9,-0.325621975,-0.25205947
20,10/30/2014,69.65,0.061424047,0.087176543
599,10/30/2014,39.9,0.279708336,-0.138357839
600,10/30/2014,49.4,0.037894717,0.26534251
859,10/30/2014,55.7,0.061563675,-0.114615706
913,10/30/2014,53.2,-0.211580991,-0.118487013
601,10/30/2014,54.5,0.033549755,0.20515179
602,10/30/2014,46.6,-0.143182029,-0.065252012
603,10/30/2014,54,-0.395012113,-0.175942502
604,10/30/2014,48.5,-0.171257851,-0.099032643
605,10/30/2014,47,-0.255138763,-0.157096444
606,10/30/2014,54,-0.274059502,-0.171028487
607,10/30/2014,48.7,-0.295336101,-0.314327634
609,10/30/2014,57,-0.168926373,0.145428249
611,10/30/2014,52.4,-0.11420564,0.132029977
612,10/30/2014,53.9,0.052525179,0.087339686
181,10/30/2014,62.2,-0.088390119,-0.077136817
614,10/30/2014,51.8,-0.26377891,-0.203587378
624,10/30/2014,54.2,-0.283428805,-0.301811847
625,10/30/2014,55.1,-0.162439024,-0.259110874
626,10/30/2014,49.2,-0.239141728,-0.216314692
627,10/30/2014,50.6,-0.119009699,-0.179455189
915,10/30/2014,54.3,-0.413839345,0.572919224
910,10/30/2014,50.35,-0.172967175,-0.195851468
315,10/30/2014,73.3,-0.012938884,-0.210191049
628,10/30/2014,52.1,-0.197790156,0.124147942
629,10/30/2014,40.5,0.208428257,-0.153265634
630,10/30/2014,47,0.070602871,0.167600872
631,10/30/2014,48.8,-0.030457642,-0.390993647
633,10/30/2014,46.8,-0.002147378,-0.230659624
634,10/30/2014,52.3,0.090092065,-0.164149641
635,10/30/2014,47.4,0.112244778,0.083892338
638,10/30/2014,51.2,0.17901076,-0.123985008
642,10/30/2014,50.8,-0.136889691,-0.334777833
643,10/30/2014,47.1,-0.034383651,-0.211867909
650,10/30/2014,46.5,0.11456073,0.300053419
107,10/30/2014,58.8,0.488215664,-0.273658498
652,10/30/2014,45.4,0.170148693,-0.148366363
653,10/30/2014,58.3,0.23645701,-0.058899961
311,10/30/2014,53.6,0.630989002,0.439473369
267,10/30/2014,67,0.484060292,-0.201939546
585,10/30/2014,51.5,0.07877911,0.06155527
654,10/30/2014,49.6,-0.142367446,-0.159933108
657,10/30/2014,48.8,-0.141931508,0.005831314
658,10/30/2014,49.7,-0.170041615,-0.151676377
908,10/30/2014,43.5,0.601971208,-0.106609941
659,10/30/2014,47,-0.177752099,0.287306195
310,10/30/2014,65,0.180320379,0.044338589
663,10/30/2014,46.6,-0.253791901,-0.309865745
664,10/30/2014,51.5,0.023970874,-0.009812349
20,10/30/2014,69.65,0.087176543,0.063407957
187,10/30/2014,60.7,0.507864255,0.450575903
666,10/30/2014,59.6,-0.069565913,0.171978151
667,10/30/2014,50.8,-0.371854981,-0.245546861
345,10/30/2014,76.7,0.093179077,0.105037769
40,10/30/2014,76.5,-0.265288527,-0.344708736
343,10/30/2014,68.5,0.075380928,-0.226436421
668,10/30/2014,57.6,0.229117467,-0.307713586
669,10/30/2014,49.8,0.229187251,-0.119093686
670,10/30/2014,51.6,-0.012916918,-0.236613603
671,10/30/2014,49.1,-0.123500007,-0.006274694
672,10/30/2014,54.7,-0.098158399,-0.002555549
349,10/30/2014,75.8,0.153341424,-0.106957394
585,10/31/2014,49.3,0.06155527,0.259228787
605,10/31/2014,46.1,-0.157096444,-0.081116686
603,10/31/2014,48.6,-0.175942502,-0.736343848
670,11/6/2014,50,-0.236613603,-0.2464659
670,11/6/2014,50,-0.2464659,-0.311292178
596,11/6/2014,53.9,-0.117034127,0.419735849
675,11/6/2014,52.1,-0.202072818,0.022388449
587,11/6/2014,59.6,-0.624562755,-0.137960086
678,11/6/2014,53.8,-0.239688898,0.054967396
668,11/17/2014,59.1,-0.307713586,0.314128167
679,11/17/2014,60,0.021806601,-0.112862068
891,11/22/2014,50,-0.271529868,-0.398445541
661,11/22/2014,49.8,-0.25205947,-0.402661711
680,11/22/2014,53.5,-0.307050336,0.141243389
681,11/22/2014,49.6,0.058716387,-0.269803427
682,11/22/2014,56.8,0.103061033,0.267023824
597,11/22/2014,47.5,0.067714218,-0.399419175
652,11/22/2014,47.8,-0.148366363,-0.117978974
47,11/22/2014,68.8,0.055275519,-0.306385081
611,11/22/2014,45.6,0.132029977,-0.213136034
579,11/22/2014,56.7,0.174027609,0.551469513
683,11/22/2014,48.6,-0.073048079,0.053834769
685,11/22/2014,50.2,-0.332994282,-0.085385063
687,11/22/2014,59.2,-0.119253447,-0.4060634
688,11/22/2014,51.4,-0.292442544,0.225265966
689,11/22/2014,55.3,-0.230866076,-0.04868141
690,11/22/2014,40,-0.471147964,-0.4203398
154,11/22/2014,68.1,-0.005725802,-0.226758736
691,11/22/2014,53,-0.235687618,0.003292678
692,11/22/2014,51.3,0.247997113,-0.09119245
694,11/22/2014,52.5,-0.005423188,-0.155194592
695,11/22/2014,49.6,-0.505557071,0.336753043
696,11/22/2014,48.6,-0.14204095,-0.148431385
698,11/22/2014,47.1,-0.337474348,-0.080261161
699,11/22/2014,53.3,0.246510284,-0.062520102
247,11/22/2014,63.9,0.327888729,0.274955514
311,11/22/2014,57.2,0.439473369,0.016428307
700,11/22/2014,46,-0.261402077,-0.253427169
638,11/22/2014,53.5,-0.123985008,-0.127658332
703,11/22/2014,58.4,0.322744137,-0.248203058
882,11/22/2014,49.4,-0.55681239,0.105680075
707,11/22/2014,46.3,-0.108401945,-0.321420575
663,11/23/2014,45,-0.309865745,-0.22676981
20,11/23/2014,68.3,0.063407957,-0.325391075
685,11/23/2014,44.8,-0.085385063,0.223322263
145,11/23/2014,65.3,0.067108853,-0.353499925
702,11/23/2014,53.6,-0.147431936,0.124848029
704,11/23/2014,47.5,-0.343867117,-0.36779139
705,11/23/2014,48.8,-0.322368051,-0.20056712
647,11/23/2014,48.4,-0.489346592,0.203519147
594,11/23/2014,47.9,-0.344368134,0.07813864
310,11/23/2014,67.8,0.044338589,-0.133295648
890,11/23/2014,50.5,-0.279839486,-0.273304803
682,11/23/2014,53.3,0.267023824,-0.300680369
710,11/23/2014,44.1,-0.148440464,-0.148580983
671,11/23/2014,45.6,-0.006274694,0.311266124
711,11/23/2014,58.2,-0.192671802,-0.100153902
603,11/23/2014,48.8,-0.736343848,-0.228131165
713,11/23/2014,49.1,-0.3767733,0.259516779
714,11/23/2014,49.3,-0.203821045,-0.02606575
661,11/23/2014,49.4,-0.402661711,-0.314993205
717,11/24/2014,59.25,-0.13586135,0.138805355
719,11/24/2014,48,-0.279257023,-0.189153586
720,11/24/2014,52.2,-0.379681263,-0.377634698
606,11/26/2014,48.6,-0.171028487,-0.450761319
722,11/26/2014,40.6,-0.648468269,-0.682450024
345,11/26/2014,65.7,0.105037769,-0.181332286
860,11/26/2014,40,0.458908964,0.162421798
311,11/27/2014,56.9,0.016428307,0.309823085
714,12/1/2014,44.1,-0.02606575,-0.043532594
145,12/1/2014,66.6,-0.353499925,-0.249785872
315,12/6/2014,64.8,-0.210191049,0.297621568
725,12/6/2014,47.9,-0.332391943,-0.338782379
710,12/6/2014,43.2,-0.148580983,0.113800653
660,12/7/2014,51.1,-0.168185451,0.36512386
687,12/7/2014,57.7,-0.4060634,0.049047351
349,12/13/2014,67,-0.106957394,-0.199526727
172,12/20/2014,56.1,0.003047099,0.043442956
618,12/20/2014,49.6,0.313329788,0.401328434
308,12/20/2014,67.7,-0.313179125,0.579436584
40,12/20/2014,69.1,-0.344708736,-0.17720392
681,12/20/2014,52.8,-0.269803427,-0.025907068
353,12/20/2014,67.3,-0.473534036,-0.069578079
107,12/21/2014,63.5,-0.273658498,-0.456548331
654,12/22/2014,47.4,-0.159933108,-0.110024683
682,12/22/2014,60.3,-0.300680369,-0.092169257
628,12/22/2014,44.2,0.124147942,-0.150293106
732,12/23/2014,46.3,-0.188444653,-0.185089995
682,12/23/2014,53.6,-0.092169257,0.071561967
181,12/24/2014,57.5,-0.077136817,-0.016845554
601,12/24/2014,45.5,0.20515179,0.327696555
612,12/24/2014,51.6,0.087339686,-0.07702132
653,12/24/2014,58.8,-0.058899961,-0.142721933
267,12/25/2014,66.1,-0.201939546,0.010232226
733,12/25/2014,47.5,0.153369663,0.413307694
692,12/25/2014,52.8,-0.09119245,-0.319591086
734,12/25/2014,52.2,-0.259633221,-0.172998989
343,12/27/2014,65.4,-0.226436421,-0.045526452
353,12/28/2014,58.2,-0.069578079,0.115543114
736,12/28/2014,47.5,-0.228131165,0.478892811
38,12/28/2014,56.1,0.123082026,-0.009942344
737,12/28/2014,50.4,0.405413563,0.093287313
626,12/28/2014,45.8,-0.216314692,-0.090400346
918,12/28/2014,55.9,0.182587141,0.458981559
313,12/29/2014,59.6,-0.169649371,-0.318352216
675,1/12/2015,47.4,0.022388449,-0.073481027
732,1/13/2015,44.5,-0.185089995,-0.484433838
313,1/13/2015,60.4,-0.318352216,-0.000405711
737,1/13/2015,56.9,0.093287313,0.185600823
107,1/16/2015,66.4,-0.456548331,0.465238462
597,2/2/2015,59.3,-0.399419175,0.2978612
626,2/16/2015,47.7,-0.090400346,-0.071640501
739,2/16/2015,51.2,-0.337949852,-0.363360634
707,2/22/2015,59.9,-0.321420575,-0.492351065
741,2/22/2015,40.2,0.270338232,0.178771206
714,3/3/2015,46.8,-0.043532594,0.236948256
609,3/13/2015,50.5,0.145428249,0.189206401
745,3/13/2015,54.5,0.048587633,0.257417069
744,3/14/2015,44.9,-0.053126199,-0.053126199
311,3/14/2015,57.6,0.309823085,0.382029745
713,3/19/2015,52.8,0.259516779,0.092024337
635,3/21/2015,52.5,0.083892338,-0.182978892
620,3/21/2015,69.7,-0.355117066,-0.16650538
671,3/22/2015,42.9,0.311266124,0.07080848
747,3/22/2015,48.5,0.091485274,0.22620253
626,3/22/2015,47.4,-0.071640501,-0.034016384
600,3/22/2015,54.7,0.26534251,0.062515854
915,3/22/2015,53.1,0.572919224,-0.05533227
207,3/22/2015,62.8,0.137200194,-0.220257454
737,3/23/2015,55.2,0.185600823,0.322616692
699,3/23/2015,62.3,-0.062520102,-0.186865396
748,3/25/2015,50.9,0.001526502,-0.14716841
308,3/26/2015,64.5,0.579436584,0.304421784
308,3/27/2015,66.1,0.304421784,-0.279181113
618,10/13/2015,57.9,0.401328434,0.277072972
750,10/13/2015,57.4,0.082538498,0.020265106
181,10/14/2015,60,-0.016845554,-0.23629946
579,10/14/2015,62.9,0.551469513,-0.058492965
594,10/15/2015,55.7,0.07813864,-0.107156041
38,10/15/2015,59.8,-0.009942344,-0.195871804
678,10/16/2015,54.3,0.054967396,0.034887023
611,10/16/2015,58.5,-0.213136034,-0.152559395
680,10/16/2015,55.1,0.141243389,-0.189292601
753,10/20/2015,53.9,0.00235792,0.137194158
752,10/21/2015,55.6,-0.203945956,0.21591089
754,10/21/2015,56.4,-0.174378662,-0.123682184
596,10/21/2015,51.2,0.419735849,0.08127849
755,10/22/2015,57.5,0.134172277,0.100270725
653,10/22/2015,58.9,-0.142721933,-0.136901453
666,10/22/2015,60.5,0.171978151,-0.223576073
609,10/23/2015,49,0.189206401,0.072937028
888,10/23/2015,47.2,0.290169441,-0.163424078
612,10/25/2015,53.2,-0.07702132,-0.065795871
606,10/25/2015,57.5,-0.450761319,-0.181362121
663,10/25/2015,59.4,-0.22676981,0.008051133
756,10/25/2015,52.2,0.165249973,0.067224793
757,10/25/2015,66.1,0.133577732,-0.418176487
758,10/25/2015,65.5,0.076987739,0.245577304
657,10/25/2015,54.7,0.005831314,0.061044805
759,10/25/2015,56.2,-0.213970187,-0.559309687
267,10/25/2015,76.2,0.010232226,-0.349147998
775,10/26/2015,57.25,0.157718363,0.262608179
762,10/26/2015,57.45,0.036431144,0.067521731
820,10/26/2015,59.8,-0.361340231,0.079037966
576,10/26/2015,53.5,0.089446102,0.117779489
763,10/26/2015,57.4,0.020180637,-0.137658995
765,10/26/2015,59.5,0.248267417,0.165910701
766,10/26/2015,51.1,0.293632594,0.105866709
767,10/26/2015,59.8,0.297905398,0.226574172
571,10/26/2015,52.6,0.613181044,0.232615903
538,10/26/2015,52.9,0.244305715,0.122612026
573,10/26/2015,65.5,0.352463906,0.444500013
769,10/26/2015,57.5,0.418276528,0.275530426
770,10/26/2015,52.4,0.401260363,0.074523979
771,10/26/2015,56,0.325394655,0.224419999
802,10/26/2015,61.5,0.168023204,0.092192594
345,10/26/2015,75.2,-0.181332286,-0.252334785
748,10/26/2015,52,-0.14716841,-0.136041734
675,10/26/2015,54.1,-0.073481027,-0.124912608
40,10/26/2015,73.6,-0.17720392,0.171220443
682,10/26/2015,65.8,0.071561967,-0.240492574
594,10/26/2015,56.1,-0.107156041,0.159718875
773,10/26/2015,57.25,0.081980103,0.016425838
311,10/26/2015,60,0.382029745,0.674129645
775,10/26/2015,57.25,0.262608179,-0.152907195
778,10/26/2015,59.5,0.464812846,0.063426518
780,10/26/2015,57.2,-0.142635495,0.029723296
915,10/26/2015,55.2,-0.05533227,-0.218260824
773,10/26/2015,57.25,0.016425838,0.481992604
782,10/26/2015,69,0.142732697,-0.091982107
806,10/26/2015,60.2,0.002913417,-0.045565416
783,10/26/2015,51.7,-0.0970384,0.302365158
784,10/26/2015,60.6,-0.216495883,0.328363312
692,10/26/2015,54.7,-0.319591086,0.412010724
315,10/26/2015,62.7,0.297621568,-0.307186473
20,10/26/2015,74.2,-0.325391075,-0.160218434
785,10/26/2015,54,-0.204785376,-0.123574942
792,10/26/2015,62.6,0.110750398,-0.042734902
647,10/27/2015,45.2,0.203519147,0.33836641
781,10/27/2015,55.2,0.408240469,-0.01560668
311,10/27/2015,53.8,0.674129645,0.054198423
611,10/27/2015,57,-0.152559395,-0.081415297
787,10/27/2015,59.7,0.045294587,0.376187674
820,10/27/2015,52.4,0.079037966,-0.048522294
790,10/28/2015,60.8,0.163882507,0.408884711
767,10/28/2015,61.4,0.226574172,0.212091642
791,10/28/2015,63.7,0.208697652,0.55696523
793,10/29/2015,56.7,0.18112823,0.106986708
794,10/29/2015,54.4,0.267420272,-0.09300052
606,10/29/2015,53.5,-0.181362121,-0.218522319
796,10/29/2015,45.1,0.068441856,0.021921841
200,10/29/2015,59.4,-0.026383246,-0.2423056
752,10/30/2015,47.1,0.21591089,0.007534404
838,10/30/2015,57.6,0.129487626,-0.192707895
791,10/30/2015,53.8,0.55696523,-0.374286303
682,11/1/2015,66,-0.240492574,-0.151833769
782,11/1/2015,68.2,-0.091982107,0.142559402
308,11/1/2015,70.3,-0.279181113,-0.427855181
883,11/1/2015,54,-0.158623335,-0.207474209
803,11/1/2015,57.1,-0.256132048,0.03594646
806,11/1/2015,59.7,-0.045565416,-0.121486542
802,11/1/2015,55.4,0.092192594,0.306376133
699,11/1/2015,60.4,-0.186865396,-0.232975752
767,11/1/2015,60.6,0.212091642,0.185981029
805,11/1/2015,61.6,-0.106688585,0.564524431
855,11/2/2015,61.6,-0.039029936,-0.17467088
812,11/2/2015,67.9,0.115482982,0.119317118
596,11/2/2015,57.8,0.08127849,-0.148267982
808,11/2/2015,51.3,0.284263291,0.26630453
810,11/2/2015,57,0.319876339,0.264051381
741,11/2/2015,52.1,0.178771206,0.822191221
883,11/2/2015,53.2,-0.207474209,-0.059350164
38,11/3/2015,58.2,-0.195871804,0.034365531
767,11/3/2015,61.6,0.185981029,0.158111791
618,11/3/2015,57.3,0.277072972,0.251755164
40,11/3/2015,64.5,0.171220443,-0.078748734
618,11/3/2015,57.3,0.251755164,-0.34596867
814,11/4/2015,54.3,0.348619635,0.032440762
822,11/5/2015,63.7,-0.065304317,-0.409633425
781,11/6/2015,61.1,-0.01560668,0.157702775
752,11/8/2015,51.7,0.007534404,-0.101357397
675,11/8/2015,53.2,-0.124912608,0.117312788
575,11/8/2015,57.1,0.282266903,0.227372543
828,11/8/2015,57,-0.117468076,0.094576568
820,11/8/2015,56.7,-0.048522294,-0.37072026
682,11/9/2015,66.5,-0.151833769,-0.119402672
818,11/9/2015,48.3,0.493613033,-0.164191817
808,11/9/2015,51.8,0.26630453,0.01917934
596,11/9/2015,60,-0.148267982,-0.188008138
825,11/9/2015,60.1,0.473406306,-0.348896484
756,11/9/2015,50.35,0.067224793,0.112449891
888,11/9/2015,54.5,-0.163424078,-0.061886323
681,11/9/2015,66.4,-0.025907068,0.016967371
620,11/9/2015,62.5,-0.16650538,-0.137094682
733,11/9/2015,50.5,0.413307694,-0.070654036
103,11/9/2015,51.2,0.558661322,0.558793548
597,11/10/2015,48,0.2978612,-0.182153777
860,11/10/2015,49.5,0.162421798,0.146750688
575,11/10/2015,55.1,0.227372543,-0.059508683
832,11/10/2015,57.6,-0.19703428,-0.001217942
806,11/10/2015,61.1,-0.121486542,-0.080377607
782,11/10/2015,63.5,0.142559402,-0.451502739
40,11/11/2015,69.3,-0.078748734,-0.252570928
600,11/11/2015,52.2,0.062515854,-0.150530928
834,11/11/2015,56.6,-0.046809414,-0.238033665
308,11/11/2015,69.8,-0.427855181,-0.631673445
597,11/11/2015,55.9,-0.182153777,0.235644778
579,11/12/2015,70.2,-0.058492965,-0.216493564
836,11/12/2015,59.9,0.117050829,-0.017957608
781,11/12/2015,57.5,0.157702775,-0.163522055
626,11/12/2015,51.5,-0.034016384,-0.033235605
103,11/12/2015,51.9,0.558793548,0.220989701
811,11/16/2015,59.4,-0.120160075,-0.163879337
682,11/16/2015,61,-0.119402672,0.28249129
791,11/16/2015,61.1,-0.374286303,-0.128560193
820,11/16/2015,55.7,-0.37072026,0.046346965
678,11/17/2015,49.3,0.034887023,0.20100956
821,11/18/2015,58.7,-0.382568422,0.188891148
806,11/18/2015,54.1,-0.080377607,0.051432124
653,11/18/2015,55.6,-0.136901453,-0.247093377
782,11/18/2015,68.2,-0.451502739,-0.100912133
818,11/18/2015,56.4,-0.164191817,-0.070990353
814,11/18/2015,53.8,0.032440762,-0.190835147
775,11/18/2015,55.5,-0.152907195,0.190411891
840,11/18/2015,58.4,-0.170591971,0.262419618
699,11/18/2015,61.2,-0.232975752,0.204465844
781,11/18/2015,60.8,-0.163522055,0.042866701
681,11/18/2015,59.9,0.016967371,0.205223155
841,11/18/2015,55.1,0.008467569,0.271937973
663,11/18/2015,50.2,0.008051133,0.125646686
855,11/19/2015,61.9,-0.17467088,0.093151183
842,11/19/2015,55.1,-0.30471308,-0.148992415
605,11/19/2015,52.9,-0.081116686,0.01453386
780,11/19/2015,52.9,0.029723296,-0.039983165
680,11/20/2015,58.6,-0.189292601,-0.010585301
844,11/20/2015,57.5,0.146006735,-0.085626489
579,11/22/2015,66.6,-0.216493564,0.411328744
771,11/26/2015,51,0.224419999,0.371503023
635,11/27/2015,54.6,-0.182978892,-0.218144512
308,11/27/2015,69.4,-0.631673445,0.25823182
618,11/29/2015,67.8,-0.34596867,-0.030233322
267,12/2/2015,73.3,-0.349147998,-0.045568965
780,12/2/2015,52.1,-0.039983165,0.363408057
753,12/2/2015,46.7,0.137194158,-0.209068181
750,12/2/2015,50.5,0.020265106,0.300509363
854,12/11/2015,56,-0.165931744,-0.559450895
759,12/16/2015,57.2,-0.559309687,-0.287646476
181,12/16/2015,56.6,-0.23629946,-0.09307477
666,12/22/2015,60.5,-0.223576073,-0.050923017
308,12/31/2015,64.5,0.25823182,0.023780777
308,1/15/2016,65.3,0.023780777,0.103298642
308,1/21/2016,62.8,0.103298642,-0.067243923
783,1/21/2016,50.2,0.302365158,0.53103762
692,3/7/2016,58.2,0.412010724,0.216906173
692,3/8/2016,60.9,0.216906173,0.451639785
794,3/18/2016,63,-0.09300052,-0.40609126
863,3/28/2016,40.3,-0.012726099,-0.034678269
873,3/31/2016,40.9,0.113316674,-0.096195979
877,3/31/2016,38.9,0.141412414,0.09196766
783,4/2/2016,52.1,0.53103762,0.003008868
741,4/14/2016,54.2,0.822191221,-0.123103698
650,4/15/2016,60.1,0.300053419,-0.281980803
936,4/20/2016,40.5,0.242166397,0.107522457
678,4/27/2016,58.2,0.20100956,-0.14423017
805,5/3/2016,59.4,0.564524431,0.020888797
666,11/8/2016,63.3,-0.050923017,0.491643762
363,11/8/2016,55.9,0.079668629,0.062136016
767,11/9/2016,69.9,0.158111791,0.425523773
365,11/9/2016,45.6,-0.139122793,0.151631251
682,11/9/2016,59.5,0.28249129,0.050252194
597,11/9/2016,60.5,0.235644778,0.288767143
597,11/10/2016,58.8,0.288767143,0.028626575
369,11/25/2016,43.7,-0.106308979,0.420058606
618,11/25/2016,64.3,-0.030233322,0.214284264
372,11/26/2016,61.5,0.160360331,0.476719392
699,11/30/2016,61.6,0.204465844,0.564979564
814,11/30/2016,61.5,-0.190835147,-0.201220725
597,11/30/2016,60.6,0.028626575,0.140640824
375,11/30/2016,66.2,0.044195181,0.042951443
267,11/30/2016,68.7,-0.045568965,0.056839942
376,11/30/2016,64.8,0.256226205,0.281526512
678,11/30/2016,58.1,-0.14423017,0.302254232
380,12/1/2016,57.8,0.129597068,-0.153708442
840,12/1/2016,54.3,0.262419618,-0.201871383
381,12/1/2016,54.9,-0.250892015,0.038015922
579,12/4/2016,67.3,0.411328744,0.193273161
802,12/4/2016,65.3,0.306376133,-0.277736764
575,12/5/2016,66.6,-0.059508683,-0.192830966
783,12/5/2016,55.6,0.003008868,-0.788562388
782,12/5/2016,67.2,-0.100912133,0.573062779
805,12/5/2016,64.6,0.020888797,0.256125065
854,12/5/2016,58.6,-0.559450895,0.583493649
781,12/5/2016,69,0.042866701,-0.080300382
384,12/7/2016,57.2,0.250008925,0.071561967
386,12/13/2016,63.2,-0.303810637,0.522880102
387,3/25/2017,51.2,0.326586794,-0.116122263
388,3/30/2017,44.6,0.114337968,0.0243068
389,3/30/2017,49.6,0.005268553,-0.046298894
791,4/3/2017,65.6,-0.128560193,0.212086849
699,4/5/2017,61.6,0.564979564,0.40156943
393,4/5/2017,37.1,-0.067611675,0.402428852
791,4/14/2017,63.2,0.212086849,0.258861276
399,4/21/2017,59.9,0.108355122,0.248681667
400,4/21/2017,51.5,0.041423324,0.299374628
401,5/1/2017,55.6,0.020656385,0.169794105
403,5/2/2017,60.3,0.167305096,0.147122142
401,5/3/2017,51.2,0.169794105,0.177174007
782,5/8/2017,62.8,0.573062779,0.687965737
408,10/19/2017,61.5,0.592392466,0.413324917
411,10/22/2017,59,0.672632348,-0.237555927
406,10/22/2017,48.2,0.313415306,-0.522544289
405,10/22/2017,51.4,0.15112241,-0.059039668
413,10/23/2017,55.5,0.669187718,-0.112642382
422,10/23/2017,49.1,0.181160402,0.066924391
418,10/23/2017,53.1,0.37768446,0.070860703
407,10/23/2017,71.1,0.234451602,0.830641485
416,10/23/2017,54.8,0.25588458,-0.127345541
431,10/24/2017,55.3,0.025925509,0.228575046
434,10/24/2017,52.3,0.074091724,0.357567617
438,10/24/2017,46.5,0.051646904,-0.098557139
369,10/24/2017,55.5,0.420058606,0.164693292
424,10/24/2017,66.3,0.281538763,-0.497293609
699,10/27/2017,65.6,0.40156943,0.380570511
441,10/27/2017,63.4,0.488289468,-0.269543947
445,10/28/2017,63,0.345030889,0.690460034
447,10/28/2017,62.1,0.231053009,0.34054063
430,10/28/2017,60.8,0.397662361,-0.094077292
446,10/28/2017,62.9,0.31019672,-0.12676477
450,10/29/2017,46.4,0.227041951,0.057072824
451,10/31/2017,57.5,0.711320544,-0.417499195
453,11/2/2017,50.2,-0.079305966,-0.111558748
459,11/4/2017,56.5,-0.045105391,-0.083776103
461,11/7/2017,54.8,-0.065864047,-0.132172162
456,11/10/2017,46.5,0.11861753,0.485021323
464,11/14/2017,67.5,0.244191433,-0.309265826
411,11/18/2017,64.5,-0.237555927,0.151998848
539,11/18/2017,55.5,0.166496354,0.549562183
375,12/1/2017,63.8,0.042951443,0.342439228
381,12/4/2017,50.2,0.038015922,0.118403461
469,12/4/2017,58,-0.148762174,-0.06251712
450,12/4/2017,47.9,0.057072824,0.165436182
459,12/4/2017,53.8,-0.083776103,-0.289591362
682,12/4/2017,61,0.050252194,0.244416663
476,12/4/2017,52.1,-0.039983165,-0.118340105
482,12/4/2017,42.5,0.038362255,-0.34803492
473,12/4/2017,53.5,0.049624608,-0.205374325
484,12/5/2017,62,-0.302761205,0.314360776
387,12/5/2017,57.5,-0.116122263,0.444581481
453,12/17/2017,44.3,-0.111558748,0.236150339
400,12/17/2017,43.9,0.299374628,-0.29386964
802,12/17/2017,69.8,-0.277736764,0.100961862
451,12/17/2017,66.8,-0.417499195,0.403184599
486,12/17/2017,53.4,0.082046014,0.786298364
446,12/18/2017,64.4,-0.12676477,0.192470932
491,12/19/2017,45,-0.220634611,0.104586092
492,12/20/2017,58.2,-0.189482006,0.151165643
403,4/22/2018,61.2,0.147122142,0.030465827
401,4/22/2018,61.1,0.177174007,0.139700639
446,9/24/2018,57.2,0.192470932,0.58345505
381,9/25/2018,53.2,0.118403461,0.072187548
504,9/25/2018,52,-0.076272588,0.244185762
451,9/25/2018,59.3,0.403184599,0.444397976
682,9/26/2018,66.8,0.244416663,0.065019656
508,9/26/2018,45.5,0.085421334,-0.161888548
511,10/5/2018,51.3,-0.130837129,-0.127118399
504,10/5/2018,44.5,0.244185762,0.06223974
508,10/5/2018,48.3,-0.161888548,-0.118487013
539,10/15/2018,62.2,0.549562183,0.152531043
514,10/18/2018,54.2,0.237472471,0.377881379
445,10/20/2018,66.1,0.690460034,0.601170686
451,10/21/2018,56.4,0.444397976,0.183650253
434,10/21/2018,49.5,0.357567617,-0.146765179
387,10/23/2018,67,0.444581481,0.027446595
526,10/23/2018,56.1,0.638012324,0.276699018
531,10/23/2018,47.1,0.333693925,0.084094695
525,10/23/2018,58.3,0.055376919,0.057421276
530,10/23/2018,50.6,0.396044261,0.213356786
753,10/25/2018,60,-0.209068181,-0.29356005
802,10/25/2018,68.4,0.100961862,-0.493659606
375,10/26/2018,65,0.342439228,-0.113384508
531,10/28/2018,51.1,0.084094695,0.016671703
546,10/29/2018,53.1,0.764630521,-0.131593676
526,10/31/2018,62,0.276699018,0.400143259
461,10/31/2018,58.8,-0.132172162,-0.132172162
461,10/31/2018,58.8,-0.132172162,0.151649958
554,11/2/2018,52.3,0.272413622,-0.142017151
446,11/2/2018,60.4,0.58345505,0.123834251
921,11/4/2018,48.5,0.473960863,0.192762386
482,11/5/2018,53.3,-0.34803492,-0.175160004
556,11/6/2018,60.3,0.042680528,0.047287247
563,11/9/2018,56.5,-0.152125658,0.503372535
563,11/10/2018,44.6,0.503372535,-0.135772731
566,11/11/2018,58.6,-0.173788415,-0.242262586
330,11/13/2018,50.7,0.064963025,0.143157284
451,11/15/2018,67.5,0.183650253,-0.051072246
923,11/30/2018,58.3,-0.270236376,0.467423965
