MasterID,date,Direction.of.Travel,SVL_1stMeasurement,SVL_2ndMeasurement,TL,Weight,Volume.disp,Sex,Age,gravid,next.date,next.direction.of.travel,next.first.svl,next.second.svl,next.tl.svl,next.weight,next.vol.disp,next.sex,next.age,next.gravid,days.between.captures,is.pond.growth,is.upland.growth,in.out.out.in,is.training
722,11/26/2014,IN,40.6,NA,67.4,0.87,0.6,U,U,U,12/1/2014,OUT,39.8,NA,65.5,0.81,1,U,U,N,5,1,0,1,1
690,11/22/2014,IN,40,NA,78.2,1.01,1,U,U,N,12/22/2014,OUT,41.5,NA,69.7,1.14,1.4,U,U,N,30,1,0,1,1
16,11/30/2010,OUT,45,NA,71.2,1.25,NA,U,Y,N,11/27/2011,OUT,56.2,NA,89.1,2.68,2.6,M,A,N,362,0,0,0,0
393,4/5/2017,OUT,37.1,36.3,67.5,1.32,NA,U,M,N,11/13/2018,OUT,57.8,57.6,114.8,5.57,NA,F,A,Y,587,0,0,0,0
291,1/27/2012,IN,46.7,NA,74.2,1.32,1.4,U,A,N,2/1/2012,OUT,45.4,NA,72.1,1.31,1,U,A,N,5,1,0,1,1
882,11/22/2014,IN,49.4,NA,85.4,1.44,1.8,M,Y,N,10/22/2015,IN,49.3,NA,91.2,2.78,2.8,U,A,N,334,0,0,0,0
647,11/23/2014,OUT,48.4,NA,83.7,1.47,1,M,U,N,10/27/2015,IN,45.2,NA,87.3,2.53,1.8,M,A,N,338,1,0,1,0
663,11/23/2014,OUT,45,NA,78.7,1.5,1.4,M,U,N,10/25/2015,IN,59.4,NA,98.2,3.2,3.6,M,A,N,336,1,0,1,0
695,11/22/2014,OUT,49.6,NA,83,1.53,1.6,U,U,N,3/20/2015,IN,49.1,NA,92.5,3.47,3.2,U,U,N,118,0,1,1,1
235,12/27/2011,IN,49.6,NA,86.5,1.59,2.8,M,A,N,12/25/2012,IN,47.1,NA,100.6,2.35,2.4,M,A,N,364,0,1,1,0
698,11/22/2014,OUT,47.1,NA,82,1.61,1.4,U,U,N,12/23/2014,OUT,53.8,NA,98.5,2.85,3,U,A,N,31,0,0,0,1
863,3/28/2016,N/A,40.3,NA,69.5,1.62,1.6,U,M,N,4/2/2016,OUT,37.5,NA,63.2,1.39,1.4,U,M,N,5,0,0,0,1
710,12/6/2014,OUT,43.2,NA,79.2,1.62,1.7,M,U,N,11/26/2015,OUT,45.9,NA,89.5,2.39,2.2,U,A,N,355,0,0,0,0
491,12/19/2017,OUT,45,44.8,85.5,1.64,NA,U,U,N,11/2/2018,IN,49.4,48,94.6,2.79,NA,M,A,N,318,0,1,1,0
647,10/28/2014,IN,47.5,NA,80.2,1.64,1.6,M,U,N,11/23/2014,OUT,48.4,NA,83.7,1.47,1,M,U,N,26,1,0,1,1
213,11/10/2011,IN,47.8,NA,83.3,1.65,NA,M,A,N,12/16/2012,IN,45.2,NA,82.1,2.2,2.4,M,A,N,402,1,0,1,0
594,11/23/2014,OUT,47.9,NA,84,1.66,1.4,M,U,N,10/15/2015,OUT,55.7,NA,101.7,3.65,3.2,M,A,N,326,1,0,1,0
732,1/13/2015,OUT,44.5,NA,82.8,1.66,1.8,U,U,N,2/17/2015,IN,49.7,NA,86,1.57,2.2,U,U,N,35,0,1,1,1
725,12/6/2014,IN,47.9,NA,84.3,1.68,1.7,M,U,N,12/21/2014,OUT,45.9,NA,80.1,1.52,1.8,M,U,N,15,1,0,1,1
661,11/23/2014,IN,49.4,NA,86.5,1.68,1.8,M,U,N,12/7/2014,OUT,48.4,NA,86.6,1.75,1.7,M,U,N,14,1,0,1,1
710,11/23/2014,IN,44.1,NA,79.1,1.69,1.4,M,U,N,12/6/2014,OUT,43.2,NA,79.2,1.62,1.7,M,U,N,13,1,0,1,1
713,11/23/2014,IN,49.1,NA,88.8,1.7,2,M,U,N,3/19/2015,OUT,52.8,NA,96.5,3.82,3.6,M,U,N,116,1,0,1,1
626,12/28/2014,OUT,45.8,NA,82.5,1.71,1.6,M,U,N,2/16/2015,IN,47.7,NA,81.4,2.12,2,M,U,N,50,0,1,1,1
663,10/30/2014,IN,46.6,NA,70.2,1.71,1.4,M,U,N,11/23/2014,OUT,45,NA,78.7,1.5,1.4,M,U,N,24,1,0,1,1
369,11/25/2016,IN,43.7,43.6,78.5,1.73,NA,U,A,N,10/24/2017,IN,55.5,58.6,102.3,5.09,NA,F,A,N,333,0,0,0,0
113,12/31/2010,OUT,47.4,NA,87.3,1.75,NA,M,Y,N,11/28/2011,IN,50.5,NA,88.5,2.04,1.9,M,A,N,332,0,1,1,0
16,11/4/2010,IN,35.76,NA,68.98,1.75,NA,M,Y,N,11/30/2010,OUT,45,NA,71.2,1.25,NA,U,Y,N,26,1,0,1,1
453,12/17/2017,OUT,44.3,42.9,83.9,1.77,NA,U,Y,N,10/21/2018,IN,51,51.3,104.8,3.43,NA,M,U,N,308,1,0,1,0
621,10/27/2014,OUT,41.1,NA,77.5,1.77,2,M,U,N,3/22/2015,OUT,50.5,NA,92.5,3.1,2.8,M,U,N,146,0,0,0,1
719,11/24/2014,IN,48,NA,85.1,1.78,1.8,M,U,N,12/6/2014,OUT,46.9,NA,83.5,1.85,1.8,M,U,N,12,1,0,1,1
732,12/23/2014,IN,46.3,NA,87.5,1.8,2,U,U,N,1/13/2015,OUT,44.5,NA,82.8,1.66,1.8,U,U,N,21,1,0,1,1
607,10/30/2014,IN,48.7,NA,85.4,1.81,2,M,U,N,11/23/2014,OUT,47,NA,84.4,1.64,1.4,M,U,N,24,1,0,1,1
365,11/9/2016,IN,45.6,45.3,83.6,1.83,NA,M,U,N,10/23/2017,IN,59.3,59.1,112.3,4.65,NA,M,A,N,348,0,0,0,0
736,12/28/2014,IN,47.5,NA,87.8,1.83,1.6,U,U,N,3/23/2015,OUT,49.1,NA,92.1,4,3.8,M,U,N,85,1,0,1,1
172,1/10/2012,OUT,52.5,NA,92.1,1.83,2,M,A,N,1/11/2013,OUT,65.5,NA,98.2,3.2,2.8,M,A,N,367,0,1,1,0
605,10/31/2014,OUT,46.1,NA,78.3,1.84,1.7,M,U,N,11/19/2015,IN,52.9,NA,85.7,2.73,2.6,F,A,Y,384,1,0,1,0
667,10/30/2014,IN,50.8,NA,86.5,1.85,1.9,M,U,N,12/24/2014,OUT,47.4,NA,82.6,1.79,2,M,U,N,55,1,0,1,1
685,11/23/2014,OUT,44.8,NA,87.8,1.86,2,M,U,N,10/21/2015,IN,48.2,NA,90.8,2.97,2.4,M,A,N,332,1,0,1,0
167,11/27/2011,IN,50.8,NA,86.6,1.86,1.6,M,A,N,11/27/2013,OUT,53.9,NA,100.6,3.78,3.8,M,A,N,731,0,1,1,0
261,12/20/2011,IN,60.95,NA,93.2,1.86,2.3,F,A,N,3/18/2012,OUT,61.6,NA,95.6,3.29,3.2,F,A,N,89,1,0,1,1
659,10/30/2014,IN,47,NA,77.5,1.88,2.1,M,U,N,12/29/2014,OUT,38.5,NA,82.9,2.01,2.2,M,U,N,60,1,0,1,1
482,12/4/2017,OUT,42.5,42.7,86.1,1.89,NA,U,Y,N,11/5/2018,IN,53.3,52.3,94.4,2.13,NA,M,A,N,336,0,1,1,0
197,11/16/2011,OUT,53.3,NA,81.8,1.9,1.8,M,A,N,3/11/2012,IN,49.3,NA,81.6,2.37,2.2,M,A,N,116,0,1,1,1
602,10/30/2014,IN,46.6,NA,85.1,1.91,2.4,M,U,N,3/13/2015,OUT,49.9,NA,83.8,2.41,2.5,M,U,N,134,1,0,1,1
714,12/1/2014,OUT,44.1,NA,79.1,1.91,2,F,U,N,3/3/2015,IN,46.8,NA,85.5,2.13,2.2,F,U,N,92,0,1,1,1
594,10/29/2014,IN,50,NA,88.9,1.92,2,M,U,N,11/23/2014,OUT,47.9,NA,84,1.66,1.4,M,U,N,25,1,0,1,1
654,12/22/2014,OUT,47.4,NA,84.3,1.95,2.2,M,U,N,10/26/2015,IN,57.5,NA,101.4,3.29,3,M,A,N,308,1,0,1,0
739,2/16/2015,IN,51.2,NA,86.2,1.95,1.9,U,U,N,3/20/2015,OUT,51.3,NA,81.2,1.91,1.8,U,U,N,32,1,0,1,1
707,11/22/2014,OUT,46.3,NA,86,1.95,1.7,U,U,N,2/22/2015,IN,59.9,NA,91.4,2.98,2.9,U,U,N,92,0,1,1,1
626,10/30/2014,IN,49.2,NA,87.7,1.96,2,M,U,N,12/28/2014,OUT,45.8,NA,82.5,1.71,1.6,M,U,N,59,1,0,1,1
720,11/24/2014,IN,52.2,NA,92.4,1.96,1.8,M,U,N,12/7/2014,OUT,50.1,NA,90.3,1.78,1.8,M,U,N,13,1,0,1,1
188,11/9/2011,IN,50.1,NA,85.6,1.96,NA,M,A,N,3/17/2012,OUT,54,NA,82.6,3.23,3,M,A,N,129,1,0,1,1
891,11/22/2014,IN,50,NA,89.6,1.97,1.8,M,Y,N,12/22/2014,OUT,48,NA,82,1.58,1.6,M,Y,N,30,1,0,1,1
646,10/28/2014,IN,51.5,NA,85.4,1.97,2,U,U,N,11/22/2014,OUT,59.8,NA,84.1,1.78,1.8,U,U,N,25,1,0,1,1
256,12/5/2011,IN,50.2,NA,89.1,1.99,2,M,A,N,11/26/2013,IN,59.9,NA,105.4,4.17,3.1,M,A,N,722,0,0,0,0
321,12/10/2012,IN,54.2,NA,94.4,1.99,1.9,M,A,N,11/26/2013,IN,64.6,NA,101.2,2.73,2.6,M,A,N,351,0,0,0,0
235,11/23/2011,OUT,51.4,NA,92,1.99,1.8,M,A,N,12/27/2011,IN,49.6,NA,86.5,1.59,2.8,M,A,N,34,0,1,1,1
890,11/23/2014,IN,50.5,NA,87.1,2,1.87,M,Y,N,3/14/2015,OUT,49.6,NA,83.8,1.93,2,M,Y,N,111,1,0,1,1
154,1/2/2011,OUT,50.1,NA,67.8,2,NA,U,Y,N,12/5/2013,IN,65.9,NA,118.5,4.05,4,U,A,N,1068,0,0,0,0
38,11/4/2010,IN,41.8,NA,78.9,2,NA,M,Y,N,2/25/2013,OUT,51.6,NA,102.8,2.25,2.8,M,A,N,844,1,0,1,0
181,1/31/2011,OUT,49,NA,84,2,NA,M,Y,N,12/17/2012,OUT,57.6,NA,100.7,3.33,3,M,A,N,686,0,1,1,0
118,1/1/2011,OUT,50.5,NA,87.1,2,NA,M,Y,N,11/9/2011,IN,54.9,NA,96.5,2.62,NA,M,A,N,312,1,0,1,0
18,11/4/2010,IN,44.37,NA,77.2,2,NA,M,U,N,11/15/2010,OUT,40.91,NA,76.89,2.1,NA,M,U,N,11,1,0,1,1
652,11/22/2014,OUT,47.8,NA,87.4,2.01,2.2,U,U,N,10/26/2015,OUT,56.4,NA,104.6,3.1,3.2,M,A,N,338,0,0,0,0
670,11/6/2014,IN,49.9,NA,59.9,2.02,2.1,M,U,N,11/22/2014,OUT,50.3,NA,61.2,1.92,2.1,M,U,N,16,1,0,1,1
508,10/5/2018,IN,48.3,48,77.8,2.03,NA,U,A,N,11/1/2018,IN,48.4,47.9,81.2,2.13,NA,U,U,N,27,0,0,0,1
604,10/30/2014,IN,48.5,NA,82.5,2.03,1.8,M,U,N,11/24/2014,OUT,46.1,NA,79.8,1.95,2,M,U,N,25,1,0,1,1
603,10/31/2014,OUT,48.6,NA,85.4,2.03,2.1,M,U,N,11/23/2014,IN,48.8,NA,85.7,1.17,2,U,U,N,23,0,1,1,1
606,11/26/2014,OUT,48.6,NA,78.5,2.04,2,M,U,N,10/25/2015,IN,57.5,NA,86.3,2.34,2.4,M,U,N,333,0,1,1,0
629,10/30/2014,IN,40.5,NA,80.8,2.04,2,M,U,N,12/7/2014,OUT,43.3,NA,78.9,1.62,1.4,M,U,N,38,1,0,1,1
714,11/23/2014,IN,49.3,NA,85.5,2.04,2.2,F,U,N,12/1/2014,OUT,44.1,NA,79.1,1.91,2,F,U,N,8,1,0,1,1
661,10/29/2014,IN,51.9,NA,90,2.04,1.6,M,U,N,11/22/2014,OUT,49.8,NA,87,1.99,1.8,M,U,N,24,1,0,1,1
688,11/22/2014,IN,51.4,NA,91.1,2.06,1.4,U,U,N,3/27/2015,OUT,59.7,NA,95.4,5.1,5.5,U,U,N,125,1,0,1,1
759,12/16/2015,OUT,57.2,NA,99.6,2.07,2,U,U,N,12/4/2016,IN,66.3,63.4,112.6,4.16,NA,M,A,N,354,1,0,1,0
915,10/30/2014,IN,54.3,NA,93.4,2.09,2.4,M,Y,N,3/22/2015,OUT,53.1,NA,104.6,5.3,3.8,M,Y,N,143,1,0,1,1
671,11/23/2014,OUT,45.6,NA,80,2.09,1.2,M,U,N,3/22/2015,IN,42.9,NA,87.6,2.53,2.4,M,U,N,119,0,1,1,1
280,12/27/2011,IN,55.9,NA,98.2,2.1,2.4,M,A,N,11/12/2012,OUT,58.4,NA,106.9,3.73,3.8,M,A,N,321,0,0,0,0
657,10/30/2014,IN,48.8,NA,87.9,2.12,2.2,M,U,N,10/25/2015,IN,54.7,NA,103.2,3.24,3.2,M,U,N,360,0,0,0,0
626,2/16/2015,IN,47.7,NA,81.4,2.12,2,M,U,N,3/22/2015,OUT,47.4,NA,83.7,2.13,2.4,M,U,N,34,1,0,1,1
482,11/5/2018,IN,53.3,52.3,94.4,2.13,NA,M,A,N,11/12/2018,OUT,50.3,51.2,91.8,2.2,NA,M,A,N,7,1,0,1,1
626,3/22/2015,OUT,47.4,NA,83.7,2.13,2.4,M,U,N,11/12/2015,IN,51.5,NA,95.5,2.68,2.8,M,A,N,235,0,1,1,1
714,3/3/2015,IN,46.8,NA,85.5,2.13,2.2,F,U,N,3/22/2015,OUT,47.4,NA,85.3,2.9,3,F,U,N,19,1,0,1,1
599,10/30/2014,IN,39.9,NA,78.3,2.13,2.3,M,U,N,12/21/2014,OUT,45.7,NA,74.8,1.84,2,M,U,N,52,1,0,1,1
741,2/22/2015,IN,40.2,NA,87.3,2.14,2,F,U,N,11/2/2015,IN,52.1,NA,96,3.41,3.4,F,A,Y,253,0,0,0,1
250,12/21/2011,IN,51.7,NA,88.3,2.14,2.2,F,A,Y,12/9/2012,IN,50.5,NA,99.9,2.58,2.2,F,A,Y,354,0,0,0,0
658,10/30/2014,IN,49.7,NA,85.1,2.15,2.3,M,U,N,11/6/2014,OUT,46.1,NA,85.5,1.85,2.2,M,U,N,7,1,0,1,1
614,10/30/2014,IN,51.8,NA,94.1,2.16,2.4,M,U,N,11/23/2014,IN,51.1,NA,91,2.22,1.8,M,Y,N,24,0,0,0,1
643,10/30/2014,IN,47.1,NA,80.6,2.18,2.2,M,U,N,11/22/2014,OUT,46.8,NA,82.4,1.8,1.76,M,U,N,23,1,0,1,1
238,11/27/2011,IN,52.6,NA,94.2,2.18,2,M,A,N,3/13/2012,OUT,55,NA,95,3.72,3.6,U,A,N,107,1,0,1,1
671,10/30/2014,IN,49.1,NA,86.9,2.19,2,M,U,N,11/23/2014,OUT,45.6,NA,80,2.09,1.2,M,U,N,24,1,0,1,1
232,11/23/2011,IN,53.1,NA,96.8,2.19,2.4,M,A,N,12/9/2012,IN,52.1,NA,106.7,2.97,2.4,M,A,N,382,0,0,0,0
654,10/30/2014,IN,49.6,NA,86.7,2.2,2.4,M,U,N,12/22/2014,OUT,47.4,NA,84.3,1.95,2.2,M,U,N,53,1,0,1,1
854,12/5/2016,IN,58.6,58.5,105.5,2.21,NA,M,A,N,3/30/2017,OUT,56.9,56.8,106.9,6.4,NA,F,A,N,115,1,0,1,1
734,12/25/2014,IN,52.2,NA,90.5,2.21,2.2,U,U,N,10/27/2015,IN,52.2,NA,78.9,2.41,2.6,U,U,N,306,0,0,0,0
311,11/6/2012,IN,50.06,NA,80.79,2.21,2.2,F,A,U,11/12/2012,OUT,53.1,NA,82.1,2.63,2.3,F,A,U,6,1,0,1,1
633,10/30/2014,IN,46.8,NA,81,2.22,2.2,M,U,N,12/22/2014,OUT,48.8,NA,84.6,1.94,2.1,M,Y,N,53,1,0,1,1
285,1/11/2012,OUT,51.5,NA,101.9,2.22,2.4,M,A,N,1/27/2012,IN,61.6,NA,101.3,2.41,2.2,M,A,N,16,0,1,1,1
243,11/27/2011,IN,49,NA,82.5,2.22,2.6,F,A,Y,12/5/2011,OUT,52.6,NA,86.9,2.15,2,F,A,Y,8,1,0,1,1
197,11/9/2011,IN,54.7,NA,85.8,2.22,NA,M,A,N,11/16/2011,OUT,53.3,NA,81.8,1.9,1.8,M,A,N,7,1,0,1,1
628,12/22/2014,OUT,44.2,NA,83,2.23,2,M,U,N,10/25/2015,IN,60.4,NA,105,3.62,3.2,M,U,N,307,1,0,1,0
680,11/22/2014,IN,53.5,NA,93.9,2.24,2.2,M,U,N,10/16/2015,IN,55.1,NA,97.5,3.78,3.8,M,A,N,328,0,0,0,0
294,3/2/2012,OUT,54.4,NA,92.3,2.24,2.2,U,A,N,3/20/2012,OUT,53.1,NA,94.1,2.32,2.1,U,A,N,18,0,1,1,1
118,11/16/2011,OUT,50.7,NA,92.1,2.24,2.2,M,A,N,2/19/2012,OUT,50.5,NA,95,2.99,3,M,A,N,95,0,0,0,1
388,3/30/2017,IN,44.6,44.4,82.4,2.25,NA,U,A,N,11/8/2017,IN,53.5,53.3,94.9,3.12,NA,M,A,N,223,0,0,0,1
681,12/20/2014,OUT,52.8,NA,94.6,2.25,2,F,U,N,11/9/2015,IN,66.4,NA,115.4,5.43,5.4,F,A,Y,324,1,0,1,0
683,11/22/2014,IN,48.6,NA,84.9,2.25,2.2,M,U,N,3/18/2015,IN,43.8,NA,76.2,2.04,2,M,U,N,116,0,0,0,1
38,2/25/2013,OUT,51.6,NA,102.8,2.25,2.8,M,A,N,11/27/2013,OUT,53.5,NA,106.2,4.25,3.2,M,A,N,275,0,0,0,1
37,11/4/2010,IN,45.8,NA,90.6,2.25,NA,U,Y,N,2/26/2013,OUT,49.6,NA,99.2,4.52,4.8,U,A,N,845,1,0,1,0
167,1/5/2011,OUT,48,NA,78.5,2.25,NA,U,Y,N,11/27/2011,IN,50.8,NA,86.6,1.86,1.6,M,A,N,326,0,1,1,0
15,11/4/2010,IN,42.8,NA,81.75,2.25,NA,M,Y,N,11/16/2011,IN,56.4,NA,102.8,3.1,3,M,A,N,377,0,0,0,0
140,1/1/2011,IN,51.2,NA,92.4,2.25,NA,M,A,N,11/3/2011,OUT,58.3,NA,108.2,3.55,NA,M,A,N,306,1,0,1,0
199,11/9/2011,IN,49.9,NA,90.4,2.27,NA,M,A,N,11/16/2011,OUT,50.9,NA,86.5,2.2,2.2,M,A,N,7,1,0,1,1
508,9/26/2018,OUT,45.5,44.5,75.3,2.28,NA,U,U,N,10/5/2018,IN,48.3,48,77.8,2.03,NA,U,A,N,9,0,1,1,1
313,11/30/2012,IN,47.9,NA,86.1,2.29,2.3,F,A,Y,11/1/2013,OUT,53.7,NA,97.9,4.74,4.4,F,A,Y,336,0,1,1,0
660,12/7/2014,OUT,51.1,NA,93.4,2.3,2,M,U,N,3/21/2015,IN,45.6,NA,92.5,3.03,3,M,U,N,104,0,1,1,1
438,10/24/2017,IN,46.5,46.6,80.5,2.31,NA,M,A,N,12/5/2017,OUT,42,40.5,77.5,1.61,NA,M,A,N,42,1,0,1,1
309,12/8/2012,IN,51.4,NA,92.4,2.31,2.8,F,A,N,2/25/2013,OUT,63.4,NA,100.5,4.07,4,F,A,N,79,1,0,1,1
172,11/3/2011,IN,55.5,NA,93.4,2.32,NA,M,A,N,1/10/2012,OUT,52.5,NA,92.1,1.83,2,M,A,N,68,1,0,1,1
820,11/16/2015,OUT,55.7,NA,99.3,2.33,2.4,U,A,N,11/30/2016,IN,60.8,60.8,108.2,4.49,NA,F,A,Y,380,0,1,1,0
675,11/6/2014,IN,52.1,NA,89.8,2.33,2.4,M,U,N,1/12/2015,OUT,47.4,NA,82.6,2.34,2.2,M,U,N,67,1,0,1,1
692,10/26/2015,IN,54.7,NA,81.6,2.34,2.3,F,A,N,3/7/2016,OUT,58.2,NA,100.2,5.73,5.6,F,A,N,133,1,0,1,1
675,1/12/2015,OUT,47.4,NA,82.6,2.34,2.2,M,U,N,10/26/2015,IN,54.1,NA,92.6,2.91,3,M,A,N,287,0,1,1,1
628,10/30/2014,IN,52.1,NA,93.3,2.34,2.2,M,U,N,12/22/2014,OUT,44.2,NA,83,2.23,2,M,U,N,53,1,0,1,1
642,10/30/2014,IN,50.8,NA,82.2,2.34,2.4,M,U,N,11/22/2014,OUT,48.7,NA,82.9,1.74,2.2,M,U,N,23,1,0,1,1
691,11/22/2014,IN,53,NA,93.4,2.35,2.4,M,U,N,2/2/2015,OUT,45.7,NA,79.7,2.12,2.2,M,U,N,72,1,0,1,1
918,10/26/2014,IN,51.3,NA,85.7,2.35,2.2,F,Y,N,12/28/2014,OUT,55.9,NA,92.4,4.09,4,F,Y,Y,63,1,0,1,1
235,12/25/2012,IN,47.1,NA,100.6,2.35,2.4,M,A,N,10/22/2013,OUT,58.3,NA,108.8,4.33,4.2,M,A,N,301,0,1,1,0
627,10/30/2014,IN,50.6,NA,86.9,2.36,2.6,M,U,N,12/24/2014,OUT,50,NA,85.8,2.16,2.2,U,U,N,55,1,0,1,1
259,12/6/2011,IN,57,NA,109.7,2.36,2.2,F,A,N,3/18/2012,OUT,62.5,NA,113.7,3.72,3.6,F,A,N,103,1,0,1,1
624,10/30/2014,IN,54.2,NA,96.6,2.37,2,M,U,N,12/21/2014,OUT,51.6,NA,89,2.06,2,M,U,N,52,1,0,1,1
631,10/30/2014,IN,48.8,NA,86,2.37,2.1,M,U,N,12/7/2014,OUT,49.9,NA,83.3,1.74,1.6,M,U,N,38,1,0,1,1
606,10/30/2014,IN,54,NA,86.3,2.37,2.4,M,U,N,11/26/2014,OUT,48.6,NA,78.5,2.04,2,M,U,N,27,1,0,1,1
611,11/22/2014,OUT,45.6,NA,88,2.4,1.4,U,U,N,10/16/2015,IN,58.5,NA,102.8,3.11,3.2,M,A,N,328,1,0,1,0
250,11/27/2011,OUT,52.7,NA,87.9,2.4,2.3,F,A,Y,12/21/2011,IN,51.7,NA,88.3,2.14,2.2,F,A,Y,24,0,1,1,1
511,10/5/2018,IN,51.3,51,89.3,2.41,NA,U,A,N,10/25/2018,OUT,50.5,51,84.9,2.33,NA,U,U,N,20,1,0,1,1
453,11/2/2017,IN,50.2,50.2,90.4,2.41,NA,M,Y,N,12/17/2017,OUT,44.3,42.9,83.9,1.77,NA,U,Y,N,45,1,0,1,1
630,10/30/2014,IN,47,NA,85.4,2.41,2.2,M,U,N,3/13/2015,OUT,49.1,NA,87.3,2.93,2.8,M,U,N,134,1,0,1,1
285,1/27/2012,IN,61.6,NA,101.3,2.41,2.2,M,A,N,11/28/2012,IN,54.6,NA,119,2.47,3,M,A,N,306,1,0,1,0
842,11/19/2015,IN,55.1,NA,96.7,2.42,2.3,U,A,N,3/17/2016,OUT,65.3,NA,101.4,4.56,4.2,U,A,N,119,1,0,1,1
587,10/14/2014,IN,47.2,NA,87,2.42,2.4,M,U,N,11/6/2014,OUT,59.6,NA,87.9,2.17,2.4,U,U,N,23,1,0,1,1
314,11/20/2012,IN,54.9,NA,92.5,2.42,2.2,M,A,N,11/21/2013,IN,56.6,NA,103.1,3.2,3.2,F,A,N,366,0,0,0,0
217,11/23/2011,IN,52.7,NA,94.2,2.42,NA,M,A,N,12/9/2012,IN,48,NA,80.9,1.98,1.9,M,A,N,382,0,1,1,0
678,11/6/2014,IN,53.8,NA,95.5,2.43,2.4,M,U,N,10/16/2015,IN,54.3,NA,99,3.34,3.7,M,A,N,344,0,0,0,0
913,10/30/2014,IN,53.2,NA,91.7,2.43,1.5,M,Y,N,12/6/2014,OUT,48.4,NA,92.2,2.13,2.2,M,Y,N,37,1,0,1,1
213,1/16/2013,IN,54.2,NA,89.4,2.43,2.2,M,A,N,11/27/2013,IN,53,NA,100.1,2.91,2.8,M,A,N,315,0,0,0,0
883,11/2/2015,OUT,53.2,NA,88.5,2.44,2.4,M,A,N,12/5/2016,IN,57.8,58.1,102,3.51,NA,M,A,N,399,1,0,1,0
645,10/28/2014,IN,50.2,NA,91.1,2.44,2.1,M,U,N,12/24/2014,OUT,40,NA,83.4,2.15,2.1,M,U,N,57,1,0,1,1
748,10/26/2015,IN,52,NA,87.3,2.45,2.2,M,A,N,11/8/2015,IN,52.7,NA,91.4,2.56,2.9,M,U,N,13,0,0,0,1
337,2/11/2013,OUT,47.5,NA,90,2.45,2.6,M,A,N,10/31/2013,OUT,55.2,NA,103,3.47,4,M,A,N,262,0,0,0,1
650,10/30/2014,IN,46.5,NA,87.7,2.46,2.2,M,U,N,4/15/2016,OUT,60.1,NA,105.6,5.6,5.8,U,A,N,533,0,1,1,0
597,11/22/2014,IN,47.5,NA,90.1,2.46,2.4,M,U,N,2/2/2015,OUT,59.3,NA,89.4,2.68,2.6,M,U,N,72,1,0,1,1
207,11/10/2011,IN,53,NA,94.5,2.46,NA,M,A,N,10/27/2014,IN,59.1,NA,112,4.94,5.4,M,A,N,1082,0,0,0,0
456,11/10/2017,IN,46.5,46.5,83.5,2.47,NA,M,A,N,12/19/2017,OUT,45.5,45,87.4,3.4,NA,U,U,N,39,1,0,1,1
687,12/7/2014,OUT,57.7,NA,95.4,2.47,2.4,F,A,N,10/25/2015,IN,64.8,NA,99.1,5.43,5.6,F,A,Y,322,1,0,1,0
652,10/30/2014,IN,45.4,NA,82.5,2.47,2.4,M,U,N,11/22/2014,OUT,47.8,NA,87.4,2.01,2.2,U,U,N,23,1,0,1,1
285,11/28/2012,IN,54.6,NA,119,2.47,3,M,A,N,12/17/2012,OUT,47.8,NA,97.4,3.57,3.6,M,A,N,19,1,0,1,1
450,12/4/2017,OUT,47.9,47.8,82,2.48,NA,U,U,N,10/26/2018,IN,49,48,90,2.91,NA,M,A,N,326,1,0,1,0
218,11/10/2011,OUT,55.9,NA,98.5,2.48,NA,M,A,N,11/15/2011,IN,53.2,NA,94.7,2.35,2.4,M,A,N,5,0,1,1,1
219,11/14/2011,IN,58.2,NA,104.1,2.5,NA,M,A,N,2/25/2013,OUT,62.5,NA,110.9,6.3,5.6,M,A,N,469,0,1,1,0
146,1/2/2011,IN,52,NA,83,2.5,NA,F,A,U,3/3/2012,OUT,58.9,NA,102.3,NA,NA,F,A,N,426,1,0,1,0
381,12/1/2016,IN,54.9,55.3,93.6,2.53,NA,M,U,N,12/4/2017,OUT,50.2,50.3,101.7,2.71,NA,M,A,N,368,0,0,0,0
647,10/27/2015,IN,45.2,NA,87.3,2.53,1.8,M,A,N,12/2/2015,OUT,45.6,NA,87.7,2.95,3,U,A,N,36,1,0,1,1
328,1/8/2013,IN,55.7,NA,97.5,2.53,2.4,U,A,N,12/3/2013,IN,58.6,NA,103.7,4.44,4.2,U,A,N,329,0,0,0,0
198,11/9/2011,IN,52.9,NA,93.3,2.53,NA,M,A,N,11/16/2011,OUT,53.3,NA,92.4,2.46,2.4,M,A,N,7,1,0,1,1
753,12/2/2015,OUT,46.7,NA,89.5,2.54,2.4,U,A,N,10/25/2018,IN,60,59.8,103.9,3.35,NA,M,A,N,1058,1,0,1,0
783,10/26/2015,IN,51.7,NA,91.4,2.54,2.6,M,Y,N,1/21/2016,OUT,50.2,NA,97.1,3.53,3.8,U,A,N,87,1,0,1,1
785,10/26/2015,IN,54,NA,95,2.54,2.2,M,U,N,11/2/2015,OUT,52.6,NA,92.1,2.58,2.4,M,A,N,7,1,0,1,1
504,10/5/2018,IN,44.5,44.2,83.9,2.55,NA,U,A,N,11/11/2018,OUT,48.3,48,81.1,2.54,NA,M,A,N,37,1,0,1,1
389,3/30/2017,IN,49.6,52.1,87.5,2.55,NA,U,A,N,5/4/2017,OUT,53,53.5,88.6,2.84,NA,U,A,N,35,1,0,1,1
324,12/17/2012,IN,53.7,NA,95.9,2.55,2.2,U,A,N,2/25/2013,OUT,56,NA,101.8,3.73,4,U,A,N,70,1,0,1,1
217,11/10/2011,OUT,54.9,NA,98.8,2.55,NA,M,A,N,11/23/2011,IN,52.7,NA,94.2,2.42,NA,M,A,N,13,0,1,1,1
860,11/26/2014,OUT,40,NA,88.8,2.56,2.6,M,U,N,11/10/2015,IN,49.5,NA,95.1,2.97,3,M,A,N,349,0,1,1,0
635,10/30/2014,IN,47.4,NA,85.5,2.56,2.4,M,U,N,3/21/2015,IN,52.5,NA,97.6,3.16,3,M,U,N,142,0,0,0,1
601,12/24/2014,OUT,45.5,NA,82.8,2.57,2.6,M,U,N,10/21/2015,IN,45.9,NA,96.4,2.96,2.8,M,A,N,301,1,0,1,0
611,10/30/2014,IN,52.4,NA,93.1,2.58,2.5,M,U,N,11/22/2014,OUT,45.6,NA,88,2.4,1.4,U,U,N,23,1,0,1,1
250,12/9/2012,IN,50.5,NA,99.9,2.58,2.2,F,A,Y,11/26/2013,IN,59.5,NA,111.4,4.07,4.1,F,A,N,352,0,1,1,0
267,12/21/2011,IN,63.4,NA,111.7,2.58,3,F,A,N,12/9/2012,IN,65.1,NA,105,4.39,4.4,F,A,N,354,0,1,1,0
678,11/17/2015,OUT,49.3,NA,99.4,2.59,2.4,M,A,N,4/27/2016,OUT,58.2,NA,97.5,4.64,5.2,U,A,N,162,0,0,0,1
200,12/15/2011,IN,53.8,NA,96.7,2.6,2.6,M,A,N,10/23/2013,OUT,61.7,NA,106.9,4.34,4.4,M,A,N,678,1,0,1,0
87,12/26/2011,IN,62.7,NA,97.65,2.6,2.1,M,A,N,11/28/2012,IN,62.5,NA,105.5,4.88,5.1,M,A,N,338,0,0,0,0
600,10/30/2014,IN,49.4,NA,87,2.61,2.2,M,U,N,3/22/2015,OUT,54.7,NA,101.3,4.2,4,M,U,N,143,1,0,1,1
623,10/27/2014,IN,52.2,NA,93.9,2.61,2.2,M,U,N,12/24/2014,OUT,54.2,NA,93.2,3.22,3.2,M,U,N,58,1,0,1,1
400,12/17/2017,OUT,43.9,43,90.7,2.62,NA,U,A,N,10/25/2018,IN,56.4,56.1,97.8,2.6,NA,U,A,N,312,1,0,1,0
597,10/29/2014,OUT,49.8,NA,93.1,2.62,2.6,M,U,N,11/22/2014,IN,47.5,NA,90.1,2.46,2.4,M,U,N,24,0,1,1,1
118,11/9/2011,IN,54.9,NA,96.5,2.62,NA,M,A,N,11/16/2011,OUT,50.7,NA,92.1,2.24,2.2,M,A,N,7,1,0,1,1
504,9/25/2018,OUT,52,52.4,82.9,2.63,NA,U,A,N,10/5/2018,IN,44.5,44.2,83.9,2.55,NA,U,A,N,10,0,1,1,1
663,11/18/2015,OUT,50.2,NA,95.9,2.63,2.6,U,A,N,11/9/2016,IN,56.8,58.1,102.5,4.03,NA,M,A,N,357,0,1,1,0
689,11/22/2014,IN,55.3,NA,91.8,2.63,1.4,M,U,N,12/24/2014,OUT,52.9,NA,89,2.82,2.8,M,U,N,32,1,0,1,1
311,11/12/2012,OUT,53.1,NA,82.1,2.63,2.3,F,A,U,10/30/2014,IN,53.6,NA,100.5,5.75,5.2,F,A,Y,717,0,1,1,0
702,11/23/2014,IN,53.6,NA,96.4,2.64,2.6,M,U,N,3/17/2015,OUT,53.5,NA,98.3,3.45,3.4,M,U,N,114,1,0,1,1
317,11/30/2012,IN,57.1,NA,95.4,2.64,2.1,F,A,Y,10/23/2013,IN,62.8,NA,110.2,6.3,6.2,F,A,Y,327,0,0,0,0
821,11/18/2015,OUT,58.7,NA,102.8,2.65,2.2,F,A,N,12/5/2016,IN,63,65.8,117.6,5.74,NA,F,A,Y,383,0,1,1,0
675,11/8/2015,IN,53.2,NA,95.1,2.65,2.8,M,A,N,12/3/2015,OUT,46.7,NA,91.6,2.49,2.4,U,A,N,25,1,0,1,1
312,11/23/2013,IN,59.1,NA,114.8,2.65,2.6,M,A,N,12/23/2014,IN,64,NA,124.7,3.95,4,M,A,N,395,0,0,0,0
120,12/16/2012,IN,54.4,NA,103.9,2.65,2.8,F,A,N,11/22/2014,OUT,62.6,NA,115.1,6.13,5.6,F,A,Y,706,0,1,1,0
318,12/9/2012,IN,56,NA,95.4,2.65,2.2,M,A,N,11/22/2013,IN,63.2,NA,112,4.43,5.6,F,A,N,348,0,0,0,0
585,10/31/2014,OUT,49.3,NA,93.2,2.66,2.6,M,U,N,10/16/2015,IN,45,NA,91.2,2.65,2.8,M,Y,N,350,1,0,1,0
188,12/16/2012,OUT,44.9,NA,90.9,2.66,2.8,M,A,N,10/23/2013,IN,54.4,NA,101.6,3.29,3.2,M,A,N,311,1,0,1,0
196,11/16/2011,IN,55.5,NA,98.7,2.66,2.4,M,A,N,11/23/2011,OUT,55.5,NA,98.2,2.71,2.4,M,A,N,7,1,0,1,1
635,11/27/2015,OUT,54.6,NA,98,2.67,2.6,M,A,N,11/27/2016,IN,58.4,55.6,99.5,3.08,NA,M,A,N,366,1,0,1,0
310,11/27/2012,IN,62.6,NA,94.1,2.67,2.4,F,A,N,10/28/2013,IN,66.4,NA,125.6,10.46,9.8,F,A,Y,335,0,1,1,0
239,11/27/2011,IN,59.8,NA,98.1,2.67,2.6,M,A,N,11/1/2012,IN,56.8,NA,99.5,3.2,3,M,A,N,340,0,0,0,0
626,11/12/2015,IN,51.5,NA,95.5,2.68,2.8,M,A,N,11/27/2015,OUT,51,NA,93,2.62,2.6,U,A,N,15,1,0,1,1
597,2/2/2015,OUT,59.3,NA,89.4,2.68,2.6,M,U,N,11/10/2015,IN,48,NA,100.5,3.17,3,M,A,N,281,0,1,1,1
733,12/25/2014,OUT,47.5,NA,95.5,2.68,2.6,U,U,N,11/9/2015,OUT,50.5,NA,106.9,4,4,M,A,N,319,0,0,0,0
337,12/10/2013,IN,50.9,NA,93.2,2.68,2.6,M,A,N,10/30/2014,OUT,56.8,NA,104.4,4.61,4.4,M,A,N,324,0,1,1,0
692,12/25/2014,OUT,52.8,NA,94.6,2.69,2.7,F,U,N,10/26/2015,IN,54.7,NA,81.6,2.34,2.3,F,A,N,305,1,0,1,0
681,11/22/2014,IN,49.6,NA,93.7,2.69,2.8,F,U,Y,12/20/2014,OUT,52.8,NA,94.6,2.25,2,F,U,N,28,1,0,1,1
660,10/29/2014,IN,54.2,NA,96.4,2.69,2.8,M,U,N,12/7/2014,OUT,51.1,NA,93.4,2.3,2,M,U,N,39,1,0,1,1
638,11/22/2014,IN,53.5,NA,93.9,2.69,2.8,M,U,N,12/4/2014,IN,52.1,NA,91.2,2.51,2.4,M,U,N,12,0,0,0,1
122,11/27/2011,IN,59,NA,95.4,2.69,3.4,M,A,N,1/24/2012,OUT,58.3,NA,97.7,3.18,3.4,M,A,N,58,1,0,1,1
750,12/2/2015,OUT,50.5,NA,97.2,2.7,2.4,U,A,N,11/8/2016,IN,50.3,50.8,99,3.54,NA,M,A,N,342,1,0,1,0
748,3/25/2015,IN,50.9,NA,89.9,2.7,2.7,U,U,N,10/26/2015,IN,52,NA,87.3,2.45,2.2,M,A,N,215,0,0,0,1
312,11/13/2012,IN,50.55,NA,100.79,2.7,3,M,A,N,11/23/2013,IN,59.1,NA,114.8,2.65,2.6,M,A,N,375,0,0,0,0
381,12/4/2017,OUT,50.2,50.3,101.7,2.71,NA,M,A,N,9/25/2018,OUT,53.2,53.1,99.6,3.38,NA,U,A,N,295,0,0,0,1
276,12/23/2011,IN,65.8,NA,114.5,2.71,3,F,A,N,11/20/2015,OUT,57,NA,107.8,3.47,3.6,U,U,N,1428,1,0,1,0
888,11/9/2015,OUT,54.5,NA,95.5,2.71,2.4,M,U,N,11/15/2015,IN,52.8,NA,96.8,2.77,2.8,M,U,N,6,0,1,1,1
244,11/27/2011,IN,54.1,NA,94.6,2.71,2.4,M,A,N,3/9/2012,OUT,54.9,NA,94.9,3.51,3.4,M,A,N,103,1,0,1,1
321,11/26/2013,IN,64.6,NA,101.2,2.73,2.6,M,A,N,4/15/2014,OUT,61.7,NA,103.9,5.56,5.2,M,A,N,140,1,0,1,1
780,12/2/2015,OUT,52.1,NA,90.9,2.74,2.6,U,A,N,10/21/2018,IN,56.2,55.8,93.5,4.97,NA,M,U,N,1054,1,0,1,0
450,10/29/2017,IN,46.4,47.5,86.3,2.74,NA,M,A,N,12/4/2017,OUT,47.9,47.8,82,2.48,NA,U,U,N,36,1,0,1,1
752,10/21/2015,IN,55.6,NA,100.3,2.74,2.8,M,A,N,10/30/2015,OUT,47.1,NA,95,2.8,2.6,M,A,N,9,1,0,1,1
670,10/30/2014,IN,51.6,NA,94.7,2.75,2.6,M,U,N,11/6/2014,OUT,50.1,NA,61.7,2.04,2.1,M,U,N,7,1,0,1,1
856,1/1/2011,OUT,54.5,NA,94.5,2.75,NA,M,A,N,12/26/2012,IN,59.2,NA,105.3,2.83,3.3,M,A,N,725,1,0,1,0
120,12/7/2011,OUT,53.3,NA,96.5,2.75,2.4,F,A,Y,11/12/2012,OUT,54,NA,100.8,5.05,3.5,F,A,Y,341,1,0,1,0
172,1/5/2011,OUT,50,NA,87.5,2.75,NA,M,Y,N,11/3/2011,IN,55.5,NA,93.4,2.32,NA,M,A,N,302,0,1,1,0
596,11/6/2014,IN,53.9,NA,88.9,2.76,2.8,M,U,N,10/21/2015,IN,51.2,NA,101.1,4.16,3.8,M,A,N,349,0,0,0,0
181,12/16/2015,OUT,56.6,NA,104,2.78,3,U,A,N,11/25/2016,IN,62.3,62.5,110.7,4.19,NA,M,A,N,345,0,1,1,0
612,10/25/2015,IN,53.2,NA,80.7,2.78,2.8,M,U,N,11/28/2015,OUT,50,NA,58.9,2.42,2.3,U,A,N,34,1,0,1,1
803,11/1/2015,OUT,57.1,NA,102.9,2.79,2.2,U,A,N,12/4/2016,OUT,62.8,63.1,109,4.88,NA,F,A,Y,399,0,0,0,0
759,10/25/2015,IN,56.2,NA,102.3,2.79,2.4,M,U,N,12/16/2015,OUT,57.2,NA,99.6,2.07,2,U,U,N,52,1,0,1,1
682,12/23/2014,OUT,53.6,NA,104.6,2.79,3,F,A,N,10/26/2015,IN,65.8,NA,120.7,5.82,5.9,F,A,Y,307,0,1,1,0
625,10/30/2014,IN,55.1,NA,97.8,2.79,2.8,M,U,N,12/28/2014,OUT,53.5,NA,90.5,2.35,2.4,M,U,N,59,1,0,1,1
247,11/27/2011,IN,50.2,NA,88.4,2.79,2.4,F,A,Y,11/22/2014,OUT,63.9,NA,118.8,6.88,6.6,F,A,Y,1091,0,1,1,0
288,1/21/2012,IN,61,NA,117,2.79,3,U,A,U,3/11/2012,OUT,63,NA,119.6,3.55,3.6,U,A,N,50,1,0,1,1
251,11/27/2011,OUT,54.2,NA,95.8,2.79,2.6,M,A,N,12/21/2011,IN,50.16,NA,90.02,2.51,2.5,M,A,N,24,0,1,1,1
752,10/30/2015,OUT,47.1,NA,95,2.8,2.6,M,A,N,11/8/2015,OUT,51.7,NA,97.3,2.82,3,M,A,N,9,0,0,0,1
248,11/27/2011,IN,55.4,NA,96.4,2.8,2.5,M,A,N,12/8/2012,OUT,45.6,NA,86.5,2.92,2.9,M,A,N,377,0,0,0,0
856,12/26/2012,IN,59.2,NA,105.3,2.83,3.3,M,A,N,2/25/2013,OUT,61.3,NA,106,5.31,5,M,A,N,61,1,0,1,1
459,12/4/2017,OUT,53.8,53.8,94,2.84,NA,U,A,N,11/9/2018,OUT,55.3,55.3,63.9,2.48,NA,M,A,N,340,0,0,0,0
597,11/11/2015,OUT,55.9,NA,101.9,2.84,2.8,M,A,N,11/9/2016,IN,60.5,60.9,115.3,5.35,NA,M,A,N,364,1,0,1,0
664,10/30/2014,IN,51.5,NA,94.3,2.84,2.8,M,U,N,12/20/2014,OUT,50.5,NA,87.4,2.62,2.4,M,U,N,51,1,0,1,1
220,12/9/2012,IN,49.2,NA,104,2.84,1.8,M,A,N,2/25/2013,OUT,52.4,NA,105.4,4.21,4.8,M,A,N,78,1,0,1,1
330,11/13/2018,OUT,50.7,51.9,99.2,2.85,NA,U,U,N,11/19/2018,IN,48.5,48.5,97,2.78,NA,U,U,N,6,0,1,1,1
585,9/13/2014,OUT,45.2,NA,88,2.86,3.2,M,U,N,10/30/2014,IN,51.5,NA,89.5,3,2.6,M,Y,N,47,0,1,1,1
234,11/23/2011,IN,54.2,NA,93.4,2.86,2.8,F,A,N,12/20/2011,OUT,55.6,NA,91.1,2.02,2,F,A,N,27,1,0,1,1
775,11/18/2015,OUT,55.5,NA,104,2.87,3.2,F,A,Y,11/30/2016,IN,61.9,58.4,111.6,5.46,NA,F,A,Y,378,1,0,1,0
400,4/21/2017,IN,51.5,50.9,91,2.89,NA,U,A,N,12/17/2017,OUT,43.9,43,90.7,2.62,NA,U,A,N,240,0,1,1,1
806,11/18/2015,OUT,54.1,NA,105.3,2.89,2.6,F,A,Y,12/4/2016,IN,65.1,65.5,117.9,5.52,NA,F,A,Y,382,0,1,1,0
694,11/22/2014,IN,52.5,NA,85.4,2.89,3,F,U,Y,3/12/2015,OUT,57.4,NA,81.4,3.13,2.8,U,U,N,110,1,0,1,1
308,11/27/2012,IN,60,NA,87.7,2.89,2,F,A,Y,2/26/2013,OUT,60.1,NA,104.6,6.81,6.8,F,A,N,91,1,0,1,1
319,12/9/2012,IN,59.8,NA,118.3,2.89,2.8,M,A,N,2/26/2013,OUT,62.5,NA,120.7,5.26,5.8,M,A,N,79,1,0,1,1
854,12/11/2015,IN,56,NA,98.9,2.9,3,U,A,N,12/5/2016,IN,58.6,58.5,105.5,2.21,NA,M,A,N,360,0,0,0,0
923,11/30/2018,IN,58.3,58.3,101,2.91,NA,F,A,N,4/4/2019,OUT,58,58.3,109.2,6,NA,U,A,N,125,1,0,1,1
675,10/26/2015,IN,54.1,NA,92.6,2.91,3,M,A,N,11/8/2015,IN,53.2,NA,95.1,2.65,2.8,M,A,N,13,0,0,0,1
668,11/17/2014,OUT,59.1,NA,99.7,2.91,3,F,A,N,10/26/2015,IN,63.5,NA,112.1,6.66,6.5,F,A,Y,343,1,0,1,0
213,11/27/2013,IN,53,NA,100.1,2.91,2.8,M,A,N,12/28/2013,OUT,53,NA,100.7,3.08,3,M,A,N,31,1,0,1,1
200,11/27/2011,OUT,54,NA,100.2,2.91,2.8,M,A,N,12/15/2011,IN,53.8,NA,96.7,2.6,2.6,M,A,N,18,0,1,1,1
672,10/30/2014,IN,54.7,NA,99.6,2.92,2.6,M,U,N,12/20/2014,OUT,49,NA,92.1,2.46,2.6,M,U,N,51,1,0,1,1
248,12/8/2012,OUT,45.6,NA,86.5,2.92,2.9,M,A,N,12/5/2013,OUT,56,NA,102.9,4.04,3.8,M,A,N,362,0,1,1,0
653,11/18/2015,OUT,55.6,NA,104.4,2.93,3.2,F,A,Y,11/25/2016,IN,59.7,59.5,105,3.18,NA,M,A,N,373,0,1,1,0
754,10/21/2015,IN,56.4,NA,97.1,2.93,2.6,M,A,N,12/2/2015,OUT,52.1,NA,91.9,2.52,2.6,U,A,N,42,1,0,1,1
596,10/29/2014,IN,56.2,NA,96.8,2.93,2.8,M,U,N,11/6/2014,IN,53.9,NA,88.9,2.76,2.8,M,U,N,8,0,0,0,1
818,11/18/2015,IN,56.4,NA,99.8,2.96,3.2,F,A,Y,3/10/2016,IN,59,NA,104.6,3.67,3.6,F,A,N,113,0,0,0,1
422,10/23/2017,IN,49.1,50,93.9,2.97,NA,M,A,N,11/17/2017,OUT,48.2,48.4,91.1,2.54,NA,M,A,N,25,1,0,1,1
860,11/10/2015,IN,49.5,NA,95.1,2.97,3,M,A,N,11/26/2015,OUT,47.8,NA,95.8,2.7,2.8,U,A,N,16,1,0,1,1
220,11/16/2011,IN,57.1,NA,104.1,2.97,3.4,M,A,N,12/9/2012,IN,49.2,NA,104,2.84,1.8,M,A,N,389,0,1,1,0
143,11/10/2011,IN,62,NA,104.2,2.97,NA,M,A,N,3/12/2012,OUT,64.3,NA,118.9,4.18,4,U,A,N,123,1,0,1,1
609,10/23/2015,IN,49,NA,88.8,2.98,NA,M,A,N,11/9/2016,IN,58.5,57.6,102.4,4.14,NA,M,A,N,383,1,0,1,0
791,11/16/2015,OUT,61.1,NA,111.3,2.99,3.1,U,A,N,4/3/2017,OUT,65.6,65.4,122.5,4.72,NA,U,A,N,504,1,0,1,0
118,2/19/2012,OUT,50.5,NA,95,2.99,3,M,A,N,2/29/2012,IN,54.3,NA,97.5,2.71,2.4,M,A,N,10,0,1,1,1
102,1/1/2011,OUT,58.8,NA,110.1,3,NA,U,A,N,12/8/2012,IN,55.1,NA,81.7,3.16,3,F,A,Y,707,1,0,1,0
294,2/19/2012,IN,60,NA,99.4,3,3,U,A,N,3/2/2012,OUT,54.4,NA,92.3,2.24,2.2,U,A,N,12,1,0,1,1
122,1/27/2012,IN,56,NA,96.9,3,3,M,A,N,2/28/2012,OUT,58.1,NA,100.6,3.88,4,U,A,U,32,1,0,1,1
87,11/30/2010,IN,61,NA,102.3,3,NA,M,A,N,12/26/2011,IN,62.7,NA,97.65,2.6,2.1,M,A,N,391,0,0,0,0
68,12/31/2010,OUT,60,NA,105,3,NA,F,A,U,11/27/2011,IN,64.6,NA,112.5,3.88,3.8,F,A,Y,331,0,1,1,0
23,11/4/2010,IN,52.2,NA,85.41,3,NA,M,A,N,11/16/2011,IN,57,NA,101.7,2.64,2.6,M,A,N,377,0,0,0,0
189,11/9/2011,IN,48.7,NA,92.7,3.01,NA,F,A,U,3/3/2012,OUT,61.2,NA,105.3,NA,NA,F,A,N,115,1,0,1,1
461,11/7/2017,IN,54.8,54.8,95.4,3.03,NA,M,U,N,10/31/2018,IN,58.8,58.4,104.1,3.42,NA,M,A,N,358,0,0,0,0
832,11/10/2015,IN,57.6,NA,107.1,3.03,3.1,M,A,N,11/18/2015,OUT,53.7,NA,103.6,3.07,3.2,U,A,N,8,1,0,1,1
888,10/23/2015,IN,47.2,NA,100.9,3.03,3.2,M,A,N,11/9/2015,OUT,54.5,NA,95.5,2.71,2.4,M,U,N,17,1,0,1,1
609,10/30/2014,IN,57,NA,95,3.03,3.8,M,U,N,3/13/2015,OUT,50.5,NA,79,3.06,3.1,M,U,N,134,0,0,0,1
612,12/24/2014,OUT,51.6,NA,93.3,3.04,3.2,M,U,N,10/25/2015,IN,53.2,NA,80.7,2.78,2.8,M,U,N,305,1,0,1,0
356,11/26/2013,OUT,61.9,NA,106.7,3.04,3.2,F,A,N,2/10/2014,IN,57,NA,109.6,6.6,6.1,F,A,N,76,0,1,1,1
337,11/18/2013,IN,46.7,NA,95.8,3.04,2.6,M,A,N,12/5/2013,OUT,54.2,NA,101.2,3.31,3,M,A,N,17,1,0,1,1
186,1/26/2012,IN,61.5,NA,113.1,3.04,3.2,M,A,N,12/8/2012,IN,56.2,NA,78.6,3.04,2.9,M,A,N,317,0,1,1,0
600,11/11/2015,IN,52.2,NA,103.3,3.05,3,M,A,N,12/16/2015,OUT,55.3,NA,94,2.85,3,U,A,N,35,1,0,1,1
780,11/19/2015,OUT,52.9,NA,93.5,3.05,3,U,A,N,12/2/2015,OUT,52.1,NA,90.9,2.74,2.6,U,A,N,13,0,0,0,1
609,3/13/2015,OUT,50.5,NA,79,3.06,3.1,M,U,N,10/23/2015,IN,49,NA,88.8,2.98,NA,M,A,N,224,0,1,1,1
313,1/13/2015,OUT,60.4,NA,100.1,3.06,3.2,F,A,N,3/23/2015,IN,58.9,NA,100.4,3.92,3.8,F,A,N,69,0,1,1,1
611,10/27/2015,OUT,57,NA,100.1,3.08,3.1,M,A,N,11/8/2016,IN,60.3,60.4,106.2,3.86,NA,M,A,N,378,0,1,1,0
282,2/18/2012,IN,56.2,NA,102.6,3.08,3,F,A,Y,3/12/2012,OUT,54.4,NA,105.6,4.43,4.4,F,A,U,23,1,0,1,1
594,10/26/2015,IN,56.1,NA,103.9,3.09,3,M,A,N,12/2/2015,OUT,53.9,NA,99.4,3.64,4,U,A,N,37,1,0,1,1
434,10/24/2017,IN,52.3,53,95.5,3.1,NA,M,A,N,10/21/2018,IN,49.5,48.5,99.5,3.61,NA,M,U,N,362,0,0,0,0
205,11/10/2011,IN,63.5,NA,94.7,3.1,NA,M,A,N,2/25/2013,OUT,64.4,NA,104,6.67,6,M,A,N,473,0,0,0,0
15,11/16/2011,IN,56.4,NA,102.8,3.1,3,M,A,N,1/10/2012,OUT,54.9,NA,98.3,2.72,2.6,M,A,N,55,1,0,1,1
753,10/20/2015,IN,53.9,NA,98.5,3.11,3,M,A,N,12/2/2015,OUT,46.7,NA,89.5,2.54,2.4,U,A,N,43,1,0,1,1
611,10/16/2015,IN,58.5,NA,102.8,3.11,3.2,M,A,N,10/27/2015,OUT,57,NA,100.1,3.08,3.1,M,A,N,11,1,0,1,1
196,11/9/2011,IN,57.6,NA,103.6,3.11,NA,M,A,N,11/15/2011,OUT,57.3,NA,102.8,2.25,NA,M,A,N,6,1,0,1,1
38,11/3/2015,IN,58.2,NA,70.2,3.12,3,M,A,N,12/2/2015,OUT,49.8,NA,76.8,2.65,3,U,A,N,29,1,0,1,1
915,10/26/2015,IN,55.2,NA,101.1,3.12,2.8,M,A,N,11/2/2015,OUT,60.7,NA,100.1,3.43,3.2,M,A,N,7,1,0,1,1
200,11/9/2011,IN,57.6,NA,103.4,3.12,NA,M,A,N,11/27/2011,OUT,54,NA,100.2,2.91,2.8,M,A,N,18,1,0,1,1
820,10/27/2015,OUT,52.4,NA,93.3,3.13,3.2,F,A,Y,11/8/2015,IN,56.7,NA,97.8,3.37,3.5,F,A,Y,12,0,1,1,1
711,11/23/2014,IN,58.2,NA,106.4,3.13,3.8,F,U,Y,12/21/2014,IN,60.7,NA,106.5,3.86,3.6,F,U,N,28,0,0,0,1
292,2/19/2012,IN,58,NA,101.5,3.13,3.4,F,A,N,2/27/2012,OUT,52.3,NA,95.8,3.01,3.2,F,A,N,8,1,0,1,1
492,12/20/2017,OUT,58.2,58.1,104.2,3.14,NA,U,U,N,10/26/2018,IN,53,51.5,102,3.46,NA,M,A,N,310,0,1,1,0
780,10/26/2015,IN,57.2,NA,95,3.14,3.5,M,U,N,11/19/2015,OUT,52.9,NA,93.5,3.05,3,U,A,N,24,1,0,1,1
242,11/27/2011,IN,66.5,NA,116.5,3.14,3,F,A,N,12/16/2012,IN,65.3,NA,118.5,3.92,4.2,F,A,Y,385,0,0,0,0
202,11/10/2011,IN,59.7,NA,109.3,3.14,NA,M,A,N,11/23/2011,OUT,56.5,NA,103,2.93,2.6,M,A,N,13,1,0,1,1
531,10/23/2018,IN,47.1,47.5,97.9,3.15,NA,M,U,N,10/28/2018,OUT,51.1,53.8,90.5,2.96,NA,M,U,N,5,1,0,1,1
634,10/30/2014,IN,52.3,NA,92,3.15,3,M,U,N,12/6/2014,OUT,53.3,NA,95.7,2.56,2.4,M,U,N,37,1,0,1,1
177,12/6/2011,IN,56.1,NA,111.8,3.15,3,M,A,N,11/27/2012,IN,61.8,NA,111.6,2.34,2.2,M,A,N,357,0,1,1,0
635,3/21/2015,IN,52.5,NA,97.6,3.16,3,M,U,N,11/27/2015,OUT,54.6,NA,98,2.67,2.6,M,A,N,251,1,0,1,1
271,12/22/2011,IN,62,NA,114.2,3.16,3,F,A,N,11/28/2012,IN,56.8,NA,108.7,4.91,4.2,F,A,N,342,0,0,0,0
329,1/10/2013,OUT,50.7,NA,99.5,3.17,2.3,M,A,N,1/16/2013,IN,57.5,NA,100.9,2.46,2.2,M,A,N,6,0,1,1,1
620,10/27/2014,OUT,58.3,NA,95.9,3.18,2.8,M,U,N,3/21/2015,OUT,69.7,NA,107.6,4.56,4.5,M,U,N,145,0,0,0,1
814,11/18/2015,OUT,53.8,NA,108.8,3.19,3.4,U,A,N,11/30/2016,IN,61.5,58.3,96.7,3.66,NA,F,A,N,378,1,0,1,0
473,12/4/2017,OUT,53.5,53.5,107.1,3.2,NA,U,A,N,10/25/2018,IN,62.1,62.5,106.2,3.71,NA,U,A,N,325,0,1,1,0
680,11/20/2015,OUT,58.6,NA,98.9,3.2,3.7,U,U,N,11/10/2016,IN,62.9,63.2,105.8,4.68,NA,M,A,N,356,1,0,1,0
663,10/25/2015,IN,59.4,NA,98.2,3.2,3.6,M,A,N,11/18/2015,OUT,50.2,NA,95.9,2.63,2.6,U,A,N,24,1,0,1,1
315,11/27/2012,OUT,59.1,NA,102.2,3.2,3.1,F,A,N,10/30/2014,IN,73.3,NA,124.6,7.6,7.2,F,A,Y,702,1,0,1,0
219,1/13/2014,IN,56.3,NA,73,3.2,3.2,M,A,N,4/7/2014,OUT,63.2,NA,81.8,4.91,4.4,M,A,N,84,1,0,1,1
172,1/11/2013,OUT,65.5,NA,98.2,3.2,2.8,M,A,N,11/29/2013,OUT,54.5,NA,105.9,3.64,3.4,M,A,N,322,1,0,1,0
405,10/22/2017,IN,51.4,51.6,96,3.21,NA,M,A,N,12/4/2017,OUT,49.5,50.1,94.4,2.38,NA,M,A,N,43,1,0,1,1
669,10/30/2014,IN,49.8,NA,90.6,3.22,3,F,U,Y,12/6/2014,OUT,49.2,NA,92.7,2.21,2.2,F,U,N,37,1,0,1,1
840,11/18/2015,OUT,58.4,NA,102.5,3.23,3.2,U,A,N,12/1/2016,IN,54.3,56.4,104.8,4.11,NA,F,A,Y,379,0,1,1,0
188,3/17/2012,OUT,54,NA,82.6,3.23,3,M,A,N,12/16/2012,OUT,44.9,NA,90.9,2.66,2.8,M,A,N,274,0,0,0,1
469,12/4/2017,OUT,58,58.2,101.7,3.24,NA,M,A,N,9/24/2018,OUT,61.8,61.9,104.7,4.22,NA,U,A,N,294,0,0,0,1
401,5/3/2017,IN,51.2,51,87,3.24,NA,U,A,N,4/22/2018,OUT,61.1,61.2,110.5,5.19,NA,U,A,N,354,0,1,1,0
657,10/25/2015,IN,54.7,NA,103.2,3.24,3.2,M,U,N,1/22/2016,OUT,54.8,NA,101.1,3.44,3.2,U,A,N,89,1,0,1,1
406,10/22/2017,IN,48.2,47.9,99.1,3.25,NA,M,A,N,10/1/2018,OUT,58.1,57.7,74.3,2.24,NA,U,A,N,344,1,0,1,0
131,1/1/2011,IN,58.9,NA,111.8,3.25,NA,F,A,U,11/23/2011,OUT,64.8,NA,120,5.03,5.2,F,A,Y,326,0,1,1,0
98,12/17/2010,IN,59.02,NA,102.8,3.25,NA,F,A,U,11/10/2011,OUT,66.1,NA,109,4.83,NA,F,A,Y,328,1,0,1,0
30,11/4/2010,IN,56.12,NA,92.01,3.25,NA,U,A,N,1/1/2011,OUT,57.7,NA,115,3.75,NA,U,A,N,58,1,0,1,1
387,12/5/2017,OUT,57.5,60.3,101.7,3.27,NA,M,A,N,10/23/2018,IN,67,68.2,119.1,8.94,NA,F,A,Y,322,0,0,0,0
678,11/30/2016,IN,58.1,57.7,101.6,3.27,NA,M,A,N,4/3/2017,OUT,59.9,62.6,112.8,5.56,NA,U,A,N,124,1,0,1,1
612,10/30/2014,IN,53.9,NA,101.3,3.27,3.4,M,U,N,12/24/2014,OUT,51.6,NA,93.3,3.04,3.2,M,U,N,55,1,0,1,1
638,10/30/2014,IN,51.2,NA,90.2,3.27,3,M,U,N,11/22/2014,IN,53.5,NA,93.9,2.69,2.8,M,U,N,23,0,0,0,1
259,11/30/2012,IN,63.1,NA,112,3.27,3.2,U,A,N,10/22/2013,OUT,67.8,NA,129.8,8.53,8,F,A,Y,326,1,0,1,0
593,10/29/2014,IN,58.2,NA,108.8,3.28,3.2,M,U,N,1/16/2015,OUT,58.8,NA,109.2,2.8,2.9,M,U,N,79,1,0,1,1
260,12/7/2011,IN,58.8,NA,108.7,3.28,3.4,F,A,U,12/21/2011,OUT,55.6,NA,107.5,3,2.8,F,A,Y,14,1,0,1,1
486,12/17/2017,OUT,53.4,53.3,95.2,3.29,NA,U,U,N,11/2/2018,IN,54.3,54.4,105.3,6.94,NA,F,A,Y,320,0,1,1,0
188,10/23/2013,IN,54.4,NA,101.6,3.29,3.2,M,A,N,11/26/2013,OUT,52,NA,99.8,2.9,3.1,M,A,N,34,1,0,1,1
601,10/30/2014,IN,54.5,NA,96.7,3.3,4.2,M,U,N,12/24/2014,OUT,45.5,NA,82.8,2.57,2.6,M,U,N,55,1,0,1,1
313,11/13/2012,OUT,50.24,NA,70.95,3.3,3.2,F,A,Y,11/30/2012,IN,47.9,NA,86.1,2.29,2.3,F,A,Y,17,0,1,1,1
841,11/18/2015,OUT,55.1,NA,108.3,3.31,3.4,U,A,N,12/4/2016,IN,62.7,63.6,113.5,6.15,NA,F,A,Y,382,0,1,1,0
337,12/5/2013,OUT,54.2,NA,101.2,3.31,3,M,A,N,12/10/2013,IN,50.9,NA,93.2,2.68,2.6,M,A,N,5,0,1,1,1
563,11/10/2018,IN,44.6,44.9,93,3.32,NA,M,U,N,11/25/2018,OUT,54.3,53,98.1,2.76,NA,M,U,N,15,1,0,1,1
576,10/26/2015,IN,53.5,NA,95.3,3.33,3.2,F,A,Y,12/13/2016,IN,54.5,54.1,88.4,3.59,NA,F,A,Y,414,0,0,0,0
181,12/17/2012,OUT,57.6,NA,100.7,3.33,3,M,A,N,11/23/2013,OUT,57.9,NA,111.6,3.54,3.4,M,A,N,341,1,0,1,0
194,11/9/2011,IN,62.2,NA,112.2,3.33,NA,M,A,N,3/8/2012,OUT,60,NA,109.4,4.62,4.4,M,A,N,120,1,0,1,1
678,10/16/2015,IN,54.3,NA,99,3.34,3.7,M,A,N,11/17/2015,OUT,49.3,NA,99.4,2.59,2.4,M,A,N,32,1,0,1,1
753,10/25/2018,IN,60,59.8,103.9,3.35,NA,M,A,N,11/12/2018,OUT,56.8,57.4,72.5,2.65,NA,M,A,N,18,1,0,1,1
484,12/5/2017,IN,62,62.5,95.2,3.35,NA,M,A,N,4/22/2018,OUT,56.1,56.2,97.6,4.71,NA,U,A,N,138,1,0,1,1
459,11/4/2017,IN,56.5,56.6,101.9,3.35,NA,M,A,N,12/4/2017,OUT,53.8,53.8,94,2.84,NA,U,A,N,30,1,0,1,1
177,11/28/2011,IN,61.1,NA,113.1,3.35,3.4,M,A,N,12/6/2011,IN,56.1,NA,111.8,3.15,3,M,A,N,8,0,0,0,1
834,11/11/2015,IN,56.6,NA,96.7,3.36,3.6,F,A,Y,11/18/2015,OUT,59.1,NA,101.5,3.12,3.2,U,A,N,7,1,0,1,1
285,12/17/2012,IN,55.6,NA,102.2,3.36,3.2,M,A,N,11/2/2015,IN,61.5,NA,111.3,3.76,3.8,M,A,N,1050,0,1,1,0
820,11/8/2015,IN,56.7,NA,97.8,3.37,3.5,F,A,Y,11/16/2015,OUT,55.7,NA,99.3,2.33,2.4,U,A,N,8,1,0,1,1
381,9/25/2018,OUT,53.2,53.1,99.6,3.38,NA,U,A,N,11/1/2018,IN,54.5,54.4,102.3,3.43,NA,M,A,N,37,0,1,1,1
666,12/22/2015,OUT,60.5,NA,107,3.38,3,U,A,N,11/8/2016,IN,63.3,63.6,116.1,4.58,NA,M,A,N,322,0,1,1,0
756,10/25/2015,IN,52.2,NA,99.2,3.38,3.2,M,U,N,11/9/2015,IN,51.3,NA,96.4,2.81,3,M,U,N,15,0,0,0,1
200,11/26/2013,IN,62.5,NA,104,3.38,3.2,M,A,N,10/29/2015,IN,59.4,NA,101,3.91,4,M,A,N,702,1,0,1,0
334,1/15/2013,IN,57.6,NA,99.5,3.38,3,F,A,N,11/26/2013,IN,61.7,NA,112,4.33,4.2,F,A,N,315,0,0,0,0
307,11/27/2012,OUT,59,NA,107.4,3.38,2.7,F,A,N,10/28/2013,IN,65.3,NA,108.9,6.2,6,F,A,N,335,1,0,1,0
771,11/26/2015,IN,51,NA,106.1,3.39,3.4,F,A,Y,11/9/2016,IN,63,62.5,119.6,6.89,NA,U,A,N,349,0,0,0,0
323,12/17/2012,OUT,59.1,NA,104.8,3.39,3.7,M,A,N,2/26/2013,IN,55.3,NA,92.6,3.15,2.4,M,A,N,71,0,1,1,1
431,10/24/2017,IN,55.3,55,96.5,3.4,NA,M,A,N,12/17/2017,OUT,45,44.2,94.8,2.57,NA,U,A,N,54,1,0,1,1
653,10/22/2015,IN,58.9,NA,107,3.4,3.6,M,A,N,11/18/2015,OUT,55.6,NA,104.4,2.93,3.2,F,A,Y,27,1,0,1,1
181,12/24/2014,OUT,57.5,NA,108.6,3.4,3.6,M,A,N,10/14/2015,IN,60,NA,107.9,4.06,3.8,M,A,N,294,0,1,1,0
906,5/9/2014,OUT,59.4,NA,105.2,3.4,5.4,U,A,N,3/13/2015,IN,55.7,NA,68.4,2.7,2.6,U,U,N,308,0,1,1,0
741,11/2/2015,IN,52.1,NA,96,3.41,3.4,F,A,Y,4/14/2016,OUT,54.2,NA,106.5,7.16,6.9,F,A,N,164,1,0,1,1
308,11/27/2015,IN,69.4,NA,114.7,3.41,4.2,U,A,N,12/31/2015,OUT,64.5,NA,120.3,6.6,6.96,U,A,N,34,1,0,1,1
461,10/31/2018,IN,58.8,58.4,104.1,3.42,NA,M,A,N,11/13/2018,OUT,52.3,51.7,101.8,3.35,NA,U,A,N,13,1,0,1,1
313,12/29/2014,IN,59.6,NA,107.9,3.42,3.4,F,A,N,1/13/2015,OUT,60.4,NA,100.1,3.06,3.2,F,A,N,15,1,0,1,1
172,12/20/2014,OUT,56.1,NA,105.3,3.45,2.8,M,A,N,11/8/2016,IN,57.8,58.1,114.5,3.89,NA,M,A,N,689,0,0,0,0
699,11/18/2015,OUT,61.2,NA,107.6,3.46,4,F,A,Y,11/30/2016,IN,61.6,66.2,106.1,5.46,NA,F,A,Y,378,0,0,0,0
618,12/20/2014,OUT,49.6,NA,99.1,3.47,3,U,U,N,10/13/2015,IN,57.9,NA,116.6,5.59,5.8,U,A,N,297,1,0,1,0
337,10/31/2013,OUT,55.2,NA,103,3.47,4,M,A,N,11/18/2013,IN,46.7,NA,95.8,3.04,2.6,M,A,N,18,0,1,1,1
908,10/30/2014,IN,43.5,NA,96,3.48,3.2,M,Y,N,12/24/2014,OUT,53.6,NA,101.4,2.75,2.6,M,Y,N,55,1,0,1,1
699,11/1/2015,OUT,60.4,NA,105.3,3.49,3.2,U,U,N,11/18/2015,OUT,61.2,NA,107.6,3.46,4,F,A,Y,17,0,0,0,1
219,12/23/2013,OUT,63,NA,73.8,3.5,4,M,A,N,1/13/2014,IN,56.3,NA,73,3.2,3.2,M,A,N,21,0,1,1,1
120,1/1/2011,IN,49.2,NA,88.7,3.5,NA,F,A,U,12/7/2011,OUT,53.3,NA,96.5,2.75,2.4,F,A,Y,340,0,0,0,0
122,1/1/2011,OUT,54.4,NA,105.6,3.5,NA,M,A,N,11/27/2011,IN,59,NA,95.4,2.69,3.4,M,A,N,330,1,0,1,0
143,1/1/2011,OUT,60.55,NA,102.05,3.5,NA,M,A,N,11/10/2011,IN,62,NA,104.2,2.97,NA,M,A,N,313,1,0,1,0
157,1/2/2011,IN,59.4,NA,104.5,3.5,NA,U,A,N,1/9/2011,OUT,67.5,NA,101.5,3.25,NA,U,A,N,7,1,0,1,1
102,12/17/2010,IN,64.3,NA,113.5,3.5,NA,M,A,N,1/1/2011,OUT,58.8,NA,110.1,3,NA,U,A,N,15,1,0,1,1
692,11/22/2014,IN,51.3,NA,95.1,3.52,3.6,F,U,Y,12/25/2014,OUT,52.8,NA,94.6,2.69,2.7,F,U,N,33,1,0,1,1
107,1/16/2015,IN,66.4,NA,121.6,3.53,3.6,F,A,N,4/22/2018,OUT,64,64.3,101,7.93,NA,U,A,N,1192,1,0,1,0
783,1/21/2016,OUT,50.2,NA,97.1,3.53,3.8,U,A,N,4/2/2016,OUT,52.1,NA,100.3,4.85,5,U,A,N,72,0,0,0,1
687,11/22/2014,IN,59.2,NA,93.2,3.53,3.4,F,U,Y,12/7/2014,OUT,57.7,NA,95.4,2.47,2.4,F,A,N,15,1,0,1,1
187,12/9/2012,IN,52.6,NA,114.1,3.53,3.8,F,A,NA,2/26/2013,OUT,68.2,NA,119.1,6.42,6.2,F,A,NA,79,1,0,1,1
386,12/13/2016,OUT,63.2,63.3,129.1,3.54,NA,F,A,Y,10/29/2018,IN,64.6,63.6,127.8,8.64,NA,F,A,Y,685,0,1,1,0
353,12/28/2014,OUT,58.2,NA,107.7,3.54,3.4,F,A,N,3/23/2015,OUT,58.1,NA,109.5,4.24,4.2,F,A,N,85,0,0,0,1
181,11/23/2013,OUT,57.9,NA,111.6,3.54,3.4,M,A,N,10/30/2014,IN,62.2,NA,113.6,4.19,4.4,M,A,N,341,0,0,0,0
288,3/11/2012,OUT,63,NA,119.6,3.55,3.6,U,A,N,12/5/2013,OUT,68.5,NA,110,6.27,6.4,U,A,N,634,1,0,1,0
596,11/9/2015,IN,60,NA,100.8,3.56,3.2,M,A,N,12/2/2015,OUT,56.1,NA,101.2,2.85,3,U,A,N,23,1,0,1,1
811,11/16/2015,OUT,59.4,NA,109.7,3.56,3.8,F,A,Y,12/2/2015,OUT,61.5,NA,112.2,3.76,3.8,F,A,Y,16,0,0,0,1
308,11/26/2013,IN,61.9,NA,107.6,3.56,4,F,A,N,4/8/2014,OUT,71.7,NA,121.7,9.1,12,F,A,N,133,1,0,1,1
859,10/30/2014,IN,55.7,NA,103.3,3.59,3.6,M,Y,N,12/28/2014,OUT,53.3,NA,100.01,2.69,2.8,M,Y,N,59,1,0,1,1
325,12/18/2012,IN,60,NA,107.5,3.59,3.2,M,A,N,2/26/2013,OUT,62.8,NA,112.8,6.8,6.8,F,A,N,70,1,0,1,1
359,12/1/2013,IN,66.5,NA,115.8,3.6,3.6,U,A,N,1/10/2014,IN,66.2,NA,114.8,5.05,4.7,U,A,N,40,0,0,0,1
103,12/18/2010,IN,52.15,NA,115.78,3.6,NA,M,A,N,1/25/2011,IN,62,NA,113,4.5,NA,M,A,N,38,0,0,0,1
434,10/21/2018,IN,49.5,48.5,99.5,3.61,NA,M,U,N,11/20/2018,OUT,56.1,56.6,100.6,2.97,NA,U,A,N,30,1,0,1,1
353,12/20/2014,IN,67.3,NA,107.2,3.62,3.8,F,A,N,12/28/2014,OUT,58.2,NA,107.7,3.54,3.4,F,A,N,8,1,0,1,1
191,11/16/2011,OUT,64.5,NA,119.2,3.62,3.6,M,A,N,2/19/2012,IN,61.7,NA,112,3.89,4,M,A,N,95,0,1,1,1
311,11/27/2014,IN,56.9,NA,93.8,3.63,3.6,F,A,U,3/14/2015,OUT,57.6,NA,106.2,5.03,4.8,F,A,N,107,1,0,1,1
781,11/18/2015,OUT,60.8,NA,100.6,3.64,3.6,F,A,N,12/5/2016,IN,69,68.4,115.2,6.57,NA,F,A,Y,383,0,1,1,0
172,11/29/2013,OUT,54.5,NA,105.9,3.64,3.4,M,A,N,10/14/2014,IN,58.3,NA,105.9,4.64,4,M,A,N,319,1,0,1,0
297,3/8/2012,IN,63.5,NA,109.1,3.64,3.6,U,A,N,3/17/2012,OUT,55.7,NA,104.1,3.26,3.6,U,A,N,9,1,0,1,1
766,10/26/2015,IN,51.1,NA,96.5,3.65,3.4,F,A,Y,12/4/2016,IN,59,59.2,110,4.38,NA,F,A,Y,405,0,0,0,0
802,11/1/2015,OUT,55.4,NA,96.5,3.65,3.6,F,A,Y,12/4/2016,IN,65.3,66.9,123.9,7.19,NA,F,A,Y,399,0,1,1,0
808,11/2/2015,OUT,51.3,NA,96.6,3.65,3.6,F,A,Y,11/9/2015,IN,51.8,NA,101.4,3.67,4,F,A,Y,7,0,1,1,1
594,10/15/2015,OUT,55.7,NA,101.7,3.65,3.2,M,A,N,10/26/2015,IN,56.1,NA,103.9,3.09,3,M,A,N,11,0,1,1,1
282,12/31/2011,OUT,56.4,NA,101.2,3.65,3.6,F,A,Y,2/18/2012,IN,56.2,NA,102.6,3.08,3,F,A,Y,49,0,1,1,1
814,11/30/2016,IN,61.5,58.3,96.7,3.66,NA,F,A,N,12/13/2016,OUT,56.9,56.7,91,2.92,NA,M,A,N,13,1,0,1,1
309,11/13/2012,OUT,50.15,NA,90.5,3.66,18.5,F,A,Y,12/8/2012,IN,51.4,NA,92.4,2.31,2.8,F,A,N,25,0,1,1,1
808,11/9/2015,IN,51.8,NA,101.4,3.67,4,F,A,Y,11/18/2015,OUT,56.9,NA,102.7,3.64,4,F,A,Y,9,1,0,1,1
653,12/24/2014,OUT,58.8,NA,108,3.68,3.6,M,U,N,10/22/2015,IN,58.9,NA,107,3.4,3.6,M,A,N,302,1,0,1,0
20,11/9/2011,IN,68.5,NA,119.5,3.68,NA,F,A,U,10/19/2013,IN,76.4,NA,143,10.37,10.2,F,A,Y,710,0,0,0,0
257,12/5/2011,IN,62.8,NA,103.2,3.68,3.6,F,A,Y,2/26/2013,OUT,72.4,NA,126.4,9.65,9.2,F,A,N,449,1,0,1,0
773,10/26/2015,OUT,58.6,NA,90.3,3.69,4.7,F,A,Y,11/25/2016,IN,59.1,59.3,105.8,6.41,NA,F,A,N,396,1,0,1,0
363,11/8/2016,IN,55.9,51.6,95.7,3.69,NA,M,U,N,11/25/2016,OUT,56.1,55.9,105.2,3.66,NA,M,A,N,17,1,0,1,1
107,12/21/2014,OUT,63.5,NA,108.5,3.7,3.8,F,A,N,1/16/2015,IN,66.4,NA,121.6,3.53,3.6,F,A,N,26,0,1,1,1
259,3/18/2012,OUT,62.5,NA,113.7,3.72,3.6,F,A,N,11/30/2012,IN,63.1,NA,112,3.27,3.2,U,A,N,257,0,1,1,1
763,10/26/2015,IN,57.4,NA,109.6,3.73,3.2,M,U,N,12/17/2015,OUT,55.1,NA,103.6,2.86,3,U,A,N,52,1,0,1,1
280,11/12/2012,OUT,58.4,NA,106.9,3.73,3.8,M,A,N,10/31/2013,OUT,57.2,NA,118.4,5.37,5.2,M,A,N,353,0,1,1,0
451,12/17/2017,OUT,66.8,66.5,119.6,3.74,NA,F,A,N,9/25/2018,OUT,59.3,58.9,110,5.98,NA,U,A,N,282,0,0,0,1
5,11/4/2010,IN,55.88,NA,106.7,3.75,NA,M,A,N,12/31/2010,OUT,55.4,NA,105.7,3.25,NA,M,A,N,57,1,0,1,1
554,11/2/2018,IN,52.3,52.8,93,3.78,NA,F,A,Y,11/12/2018,OUT,54.2,53.6,97.1,2.73,NA,F,A,Y,10,1,0,1,1
680,10/16/2015,IN,55.1,NA,97.5,3.78,3.8,M,A,N,11/20/2015,OUT,58.6,NA,98.9,3.2,3.7,U,U,N,35,1,0,1,1
666,10/30/2014,IN,59.6,NA,108.3,3.78,3.6,M,U,N,10/22/2015,IN,60.5,NA,112.7,5.02,4.8,M,A,N,357,0,0,0,0
167,11/27/2013,OUT,53.9,NA,100.6,3.78,3.8,M,A,N,10/30/2014,IN,57,NA,107.9,5.34,5.2,F,A,Y,337,1,0,1,0
387,3/25/2017,OUT,51.2,51,103,3.79,NA,U,A,N,12/5/2017,OUT,57.5,60.3,101.7,3.27,NA,M,A,N,255,0,1,1,1
855,11/19/2015,IN,61.9,NA,112.3,3.79,3.8,U,A,N,12/17/2015,OUT,54.3,NA,105.6,3.47,4,U,A,N,28,1,0,1,1
236,11/27/2011,IN,55.6,NA,98.7,3.8,3.6,F,A,Y,2/26/2013,OUT,68.8,NA,116.1,7.01,8.2,F,A,N,457,0,1,1,0
618,10/26/2014,IN,53.3,NA,96.6,3.81,4,U,U,N,12/20/2014,OUT,49.6,NA,99.1,3.47,3,U,U,N,55,1,0,1,1
47,12/8/2012,IN,57.8,NA,115.9,3.81,4,F,A,N,11/22/2013,IN,68.3,NA,125.6,4.79,5,F,A,N,349,0,0,0,0
713,3/19/2015,OUT,52.8,NA,96.5,3.82,3.6,M,U,N,10/23/2015,IN,51.5,NA,96.6,3.04,3,U,A,N,218,0,1,1,1
857,10/14/2014,IN,56.7,NA,103.4,3.82,3.5,M,Y,N,12/28/2014,OUT,56.1,NA,103.1,3.38,3.4,M,Y,N,75,1,0,1,1
682,11/16/2015,OUT,61,NA,113.8,3.84,4,U,A,N,11/9/2016,IN,59.5,60.5,113.5,5.35,NA,F,A,N,359,1,0,1,0
806,11/10/2015,IN,61.1,NA,106,3.85,3.9,F,A,Y,11/18/2015,OUT,54.1,NA,105.3,2.89,2.6,F,A,Y,8,1,0,1,1
782,11/18/2015,OUT,68.2,NA,123.5,3.86,4.2,U,A,N,12/5/2016,IN,67.2,67.1,119.9,5.23,NA,F,A,N,383,0,1,1,0
699,11/22/2014,IN,53.3,NA,106.6,3.86,3.6,F,U,Y,3/23/2015,OUT,62.3,NA,110.8,4.32,4.2,F,U,N,121,1,0,1,1
921,11/4/2018,IN,48.5,49,94,3.87,NA,F,A,Y,12/1/2018,OUT,52.6,53,92.8,3.54,NA,F,A,Y,27,1,0,1,1
309,11/4/2012,IN,56.4,NA,95.2,3.87,4,F,A,Y,11/13/2012,OUT,50.15,NA,90.5,3.66,18.5,F,A,Y,9,1,0,1,1
68,11/27/2011,IN,64.6,NA,112.5,3.88,3.8,F,A,Y,3/12/2012,OUT,69.4,NA,124.1,6.09,5.9,F,A,N,106,1,0,1,1
806,11/1/2015,OUT,59.7,NA,106.4,3.89,4,F,A,Y,11/10/2015,IN,61.1,NA,106,3.85,3.9,F,A,Y,9,0,1,1,1
38,12/28/2014,OUT,56.1,NA,105.5,3.89,3.9,M,A,N,10/15/2015,IN,59.8,NA,108.1,4.05,3.9,U,A,N,291,0,1,1,1
818,11/9/2015,OUT,48.3,NA,91.5,3.91,4,F,A,N,11/18/2015,IN,56.4,NA,99.8,2.96,3.2,F,A,Y,9,0,1,1,1
737,1/13/2015,OUT,56.9,NA,104.4,3.92,3.8,M,U,N,3/23/2015,IN,55.2,NA,106,3.97,4,M,U,N,69,0,1,1,1
620,11/9/2015,IN,62.5,NA,106.1,3.93,3.9,M,A,N,11/19/2015,OUT,60,NA,104.3,3.6,3.9,M,A,N,10,1,0,1,1
145,11/23/2013,OUT,65.8,NA,108.7,3.93,5.4,F,A,N,11/23/2014,IN,65.3,NA,117.1,5.66,6,F,A,Y,365,0,1,1,0
310,11/26/2013,IN,66.9,NA,91.5,3.93,3.2,F,A,N,10/30/2014,OUT,65,NA,111.1,6.25,5.8,F,A,Y,338,0,0,0,0
682,11/23/2014,OUT,53.3,NA,99.3,3.94,3.6,F,U,Y,12/22/2014,IN,60.3,NA,110,3.1,3,F,A,N,29,0,1,1,1
326,12/28/2012,IN,51.3,NA,86.8,3.94,3.8,F,A,Y,10/31/2013,OUT,57.8,NA,104.2,6.1,5.8,F,A,Y,307,0,1,1,0
530,10/23/2018,IN,50.6,50.6,95.4,3.95,NA,F,A,Y,11/24/2018,OUT,52.1,51.4,92.3,3.53,NA,F,A,Y,32,1,0,1,1
539,11/18/2017,OUT,55.5,57.9,95,3.95,NA,F,A,Y,10/15/2018,IN,62.2,62.2,110.5,7.93,NA,F,A,Y,331,0,1,1,0
737,12/28/2014,IN,50.4,NA,111.5,3.95,4,M,U,N,1/13/2015,OUT,56.9,NA,104.4,3.92,3.8,M,U,N,16,1,0,1,1
145,12/1/2014,OUT,66.6,NA,116.8,3.95,3.8,F,A,N,12/23/2014,IN,NA,NA,NA,NA,NA,F,A,NA,22,0,1,1,1
187,11/26/2013,IN,61.9,NA,118.4,3.95,3.8,F,A,NA,4/4/2014,OUT,63.9,NA,121.8,7.61,7,F,A,N,129,1,0,1,1
177,11/4/2011,IN,63.9,NA,120.9,3.95,NA,M,A,N,11/27/2011,OUT,61.1,NA,113.1,3.35,3.4,M,A,N,23,1,0,1,1
158,11/27/2011,IN,60.5,NA,99.1,3.96,4,F,A,Y,2/25/2013,OUT,73.2,NA,120.6,7.8,8.6,F,A,N,456,1,0,1,0
737,3/23/2015,IN,55.2,NA,106,3.97,4,M,U,N,4/22/2016,OUT,58.2,NA,101,5.24,5,U,A,N,396,1,0,1,0
750,10/13/2015,IN,57.4,NA,102.9,3.97,3.8,U,A,N,12/2/2015,OUT,50.5,NA,97.2,2.7,2.4,U,A,N,50,1,0,1,1
191,11/9/2011,OUT,64.5,NA,121.4,3.97,NA,M,A,N,11/16/2011,OUT,64.5,NA,119.2,3.62,3.6,M,A,N,7,0,0,0,1
514,10/18/2018,IN,54.2,53.1,102.3,3.99,NA,U,A,N,11/13/2018,OUT,52.8,53.8,96.2,4.3,NA,U,U,N,26,1,0,1,1
805,11/1/2015,OUT,61.6,NA,112.8,4,4,F,A,Y,5/3/2016,OUT,59.4,NA,112.2,7.06,8,F,A,N,184,0,0,0,1
733,11/9/2015,OUT,50.5,NA,106.9,4,4,M,A,N,11/20/2015,OUT,58.7,NA,110.3,3.62,3.8,U,A,N,11,0,0,0,1
54,11/4/2010,IN,54.4,NA,97.3,4,NA,M,A,N,2/27/2013,OUT,70.2,NA,132.3,9.69,9,M,A,N,846,1,0,1,0
47,1/2/2011,IN,65,NA,115.8,4,NA,F,A,U,12/8/2012,IN,57.8,NA,115.9,3.81,4,F,A,N,706,0,0,0,0
107,12/18/2010,OUT,60,NA,108.5,4,NA,F,A,U,11/6/2012,IN,57.9,NA,109.5,4.62,4.1,F,A,Y,689,0,1,1,0
126,1/1/2011,IN,60.8,NA,109.9,4,NA,F,A,U,11/27/2011,OUT,64.8,NA,109.9,4.91,4.8,F,A,Y,330,0,1,1,0
156,1/2/2011,OUT,56,NA,82.1,4,NA,M,A,N,11/23/2011,IN,58.2,NA,103.5,2.58,2.6,M,A,N,325,0,1,1,0
105,12/18/2010,IN,69.5,NA,105.6,4,NA,F,A,U,11/22/2011,OUT,68.5,NA,112.3,5.07,5.2,F,A,Y,339,0,1,1,0
411,11/18/2017,OUT,64.5,69,114.7,4.02,NA,F,A,Y,10/25/2018,IN,66.8,66.3,121.2,6.61,NA,F,A,Y,341,1,0,1,0
525,10/23/2018,IN,58.3,57.1,93.2,4.03,NA,F,A,Y,12/2/2018,OUT,60.8,60.7,103.1,4.54,NA,U,A,N,40,1,0,1,1
596,11/2/2015,OUT,57.8,NA,102.5,4.04,3.8,M,A,N,11/9/2015,IN,60,NA,100.8,3.56,3.2,M,A,N,7,0,1,1,1
248,12/5/2013,OUT,56,NA,102.9,4.04,3.8,M,A,N,10/29/2014,IN,61,NA,105.4,4.82,4.8,M,A,N,328,1,0,1,0
38,10/15/2015,IN,59.8,NA,108.1,4.05,3.9,U,A,N,11/3/2015,IN,58.2,NA,70.2,3.12,3,M,A,N,19,0,0,0,1
154,12/5/2013,IN,65.9,NA,118.5,4.05,4,U,A,N,11/22/2014,IN,68.1,NA,125.3,6,5.8,F,A,Y,352,0,0,0,0
181,10/14/2015,IN,60,NA,107.9,4.06,3.8,M,A,N,12/16/2015,OUT,56.6,NA,104,2.78,3,U,A,N,63,1,0,1,1
918,12/28/2014,OUT,55.9,NA,92.4,4.09,4,F,Y,Y,3/11/2015,IN,50,NA,90.6,4.09,2.8,F,Y,N,73,0,1,1,1
914,11/26/2013,IN,63.9,NA,104,4.09,3.9,F,A,N,10/15/2014,IN,70,NA,121.5,9.1,10,F,A,Y,323,0,1,1,0
840,12/1/2016,IN,54.3,56.4,104.8,4.11,NA,F,A,Y,12/11/2016,OUT,58.6,58.6,101.2,3.16,NA,F,A,N,10,1,0,1,1
575,11/10/2015,OUT,55.1,NA,102.4,4.12,4,F,A,Y,12/5/2016,IN,66.6,66.6,107.5,5.3,NA,F,A,Y,391,1,0,1,0
794,10/29/2015,IN,54.4,NA,101.3,4.15,4.1,F,A,Y,3/18/2016,OUT,63,NA,73.1,4.33,3.8,U,A,N,141,1,0,1,1
307,11/25/2013,OUT,61.2,NA,106.3,4.15,3.2,F,A,N,10/30/2014,IN,57,NA,106.5,5.91,6.1,F,A,Y,339,0,1,1,0
348,12/21/2013,IN,60.6,NA,110.9,4.15,5.2,M,A,N,1/14/2014,OUT,67.9,NA,101.1,7.44,6.6,M,A,N,24,1,0,1,1
596,10/21/2015,IN,51.2,NA,101.1,4.16,3.8,M,A,N,11/2/2015,OUT,57.8,NA,102.5,4.04,3.8,M,A,N,12,1,0,1,1
416,10/23/2017,IN,54.8,54.9,100.4,4.18,NA,F,A,N,12/17/2017,OUT,55.9,56,99.5,3,NA,U,A,N,55,1,0,1,1
681,11/18/2015,OUT,59.9,NA,111.9,4.18,4.4,U,A,N,11/30/2016,IN,64.4,65.3,119.9,6.23,NA,F,A,Y,378,0,1,1,0
806,10/26/2015,IN,60.2,NA,104.1,4.18,4,F,A,Y,11/1/2015,OUT,59.7,NA,106.4,3.89,4,F,A,Y,6,1,0,1,1
143,3/12/2012,OUT,64.3,NA,118.9,4.18,4,U,A,N,12/12/2012,IN,58,NA,109.7,4.35,4.2,M,A,N,275,0,1,1,1
315,12/6/2014,OUT,64.8,NA,116.3,4.19,4,F,A,N,10/26/2015,IN,62.7,NA,121.2,6.31,6.2,F,A,Y,324,0,1,1,0
181,10/30/2014,IN,62.2,NA,113.6,4.19,4.4,M,A,N,12/24/2014,OUT,57.5,NA,108.6,3.4,3.6,M,A,N,55,1,0,1,1
838,10/30/2015,IN,57.6,NA,97.6,4.2,4.1,F,A,Y,11/12/2015,OUT,59.2,NA,106.7,3.28,3.3,U,A,N,13,1,0,1,1
600,3/22/2015,OUT,54.7,NA,101.3,4.2,4,M,U,N,11/11/2015,IN,52.2,NA,103.3,3.05,3,M,A,N,234,0,1,1,1
618,11/29/2015,OUT,67.8,NA,116.4,4.21,5.6,U,A,N,11/25/2016,IN,64.3,64.5,123.4,4.9,NA,M,A,N,362,0,1,1,0
579,11/22/2014,IN,56.7,NA,108.6,4.21,4.2,F,Y,Y,10/14/2015,IN,62.9,NA,118.2,8.21,8.2,F,A,Y,326,0,0,0,0
679,11/17/2014,IN,60,NA,94,4.22,4.4,F,A,Y,11/22/2014,OUT,64.9,NA,99,4.64,5,F,U,Y,5,1,0,1,1
380,12/1/2016,,57.8,58.4,104.2,4.24,NA,M,A,N,12/4/2017,OUT,46.6,45.6,82,1.89,NA,F,A,N,368,0,0,0,0
343,12/27/2014,OUT,65.4,NA,121.4,4.24,4.4,F,A,N,12/5/2016,OUT,64.8,64.8,131.9,4.94,NA,F,A,Y,709,0,0,0,0
844,11/20/2015,IN,57.5,NA,98,4.25,4,F,A,Y,11/28/2015,OUT,58.3,NA,103.1,3.5,3,U,A,N,8,1,0,1,1
38,11/27/2013,OUT,53.5,NA,106.2,4.25,3.2,M,A,N,10/14/2014,IN,50.7,NA,108.8,4.61,4.5,M,A,N,321,0,1,1,0
145,1/2/2011,IN,61,NA,109,4.25,NA,F,A,U,11/4/2012,IN,65.3,NA,110.1,6.92,6.3,F,A,Y,672,0,0,0,0
124,1/1/2011,OUT,61.2,NA,108.4,4.25,NA,M,A,N,11/9/2011,IN,63.8,NA,110.9,3.78,NA,M,A,N,312,0,1,1,0
182,1/31/2011,IN,64,NA,115,4.25,NA,M,A,N,11/9/2011,IN,62.4,NA,119.3,3.27,NA,M,A,N,282,0,0,0,1
787,10/27/2015,OUT,59.7,NA,104.4,4.26,4.1,F,A,Y,12/4/2016,IN,62.9,65.9,111.3,6.89,NA,F,A,Y,404,0,1,1,0
308,11/11/2015,OUT,69.8,NA,117.2,4.26,4,F,A,Y,11/27/2015,IN,69.4,NA,114.7,3.41,4.2,U,A,N,16,0,1,1,1
855,11/2/2015,OUT,61.6,NA,111.8,4.28,3.6,F,A,Y,11/19/2015,IN,61.9,NA,112.3,3.79,3.8,U,A,N,17,0,1,1,1
781,11/6/2015,OUT,61.1,NA,106.5,4.28,4.3,F,A,U,11/12/2015,IN,57.5,NA,105.2,4.3,4.1,F,A,Y,6,0,1,1,1
353,11/18/2013,IN,61.9,NA,110,4.28,3.6,F,A,N,4/26/2014,OUT,61.7,NA,105.3,6.84,6.4,F,A,N,159,1,0,1,1
361,12/4/2013,OUT,62.4,NA,111.8,4.28,4.2,M,A,N,12/17/2013,IN,55.2,NA,105.4,3.91,3.8,M,A,N,13,0,1,1,1
186,11/3/2011,OUT,63.6,NA,120.7,4.28,NA,M,A,N,1/26/2012,IN,61.5,NA,113.1,3.04,3.2,M,A,N,84,0,1,1,1
781,11/12/2015,IN,57.5,NA,105.2,4.3,4.1,F,A,Y,11/18/2015,OUT,60.8,NA,100.6,3.64,3.6,F,A,N,6,1,0,1,1
682,11/1/2015,OUT,66,NA,116.7,4.3,5,F,A,Y,11/9/2015,IN,66.5,NA,119.2,4.81,5,F,A,N,8,0,1,1,1
187,11/21/2013,IN,61.6,NA,118.3,4.31,4.2,F,A,NA,11/26/2013,OUT,58.9,NA,115.1,4.14,4.2,F,A,NA,5,1,0,1,1
699,3/23/2015,OUT,62.3,NA,110.8,4.32,4.2,F,U,N,11/1/2015,OUT,60.4,NA,105.3,3.49,3.2,U,U,N,223,0,0,0,1
77,12/10/2012,OUT,69,NA,111.8,4.32,3.2,F,A,N,2/28/2013,OUT,63.1,NA,116.4,8.91,8.4,F,A,N,80,0,0,0,1
794,3/18/2016,OUT,63,NA,73.1,4.33,3.8,U,A,N,12/14/2016,IN,61.2,61,84.9,2.91,NA,F,A,N,271,0,1,1,1
308,12/20/2014,IN,67.7,NA,113.6,4.33,4,F,A,N,3/26/2015,OUT,64.5,NA,121.7,9.1,NA,F,A,N,96,1,0,1,1
334,11/26/2013,IN,61.7,NA,112,4.33,4.2,F,A,N,12/24/2014,IN,67.6,NA,107.4,4.7,5,F,A,N,393,0,0,0,0
235,10/22/2013,OUT,58.3,NA,108.8,4.33,4.2,M,A,N,12/5/2013,IN,51.2,NA,102.3,3.15,2.4,M,A,N,44,0,1,1,1
219,11/27/2013,OUT,57.5,NA,113,4.34,4.4,M,A,N,12/22/2013,IN,60,NA,73.8,3.58,3.4,M,A,N,25,0,1,1,1
200,10/23/2013,OUT,61.7,NA,106.9,4.34,4.4,M,A,N,11/26/2013,IN,62.5,NA,104,3.38,3.2,M,A,N,34,0,1,1,1
418,10/23/2017,IN,53.1,53.3,94.4,4.36,NA,M,A,N,12/4/2017,OUT,52.3,52.5,91.6,3.09,NA,M,A,N,42,1,0,1,1
556,11/6/2018,IN,60.3,60.1,106.1,4.37,NA,F,A,Y,11/12/2018,OUT,56.3,57,103.9,3.64,NA,F,A,Y,6,1,0,1,1
446,9/24/2018,IN,57.2,57,106.2,4.39,NA,F,A,Y,11/2/2018,IN,60.4,59.4,118.2,7.54,NA,F,A,Y,39,0,0,0,1
267,12/9/2012,IN,65.1,NA,105,4.39,4.4,F,A,N,10/23/2013,OUT,70.9,NA,122.8,9.12,9,F,A,Y,318,0,1,1,0
85,11/30/2010,IN,61.9,NA,124.9,4.4,NA,F,A,U,11/27/2011,OUT,68.8,NA,118.8,4.91,5,F,A,Y,362,1,0,1,0
318,11/22/2013,IN,63.2,NA,112,4.43,5.6,F,A,N,12/29/2014,IN,64.6,NA,114.6,4.95,5.4,U,A,N,402,0,0,0,0
107,11/26/2013,OUT,61.5,NA,117.4,4.46,3.6,F,A,N,10/30/2014,IN,58.8,NA,105.8,6.36,6.1,F,A,Y,338,1,0,1,0
53,11/27/2012,IN,69.9,NA,120.6,4.46,4.3,F,A,N,2/26/2013,OUT,77.4,NA,131.2,8.85,8.2,F,A,N,91,1,0,1,1
446,12/18/2017,OUT,64.4,61.2,102.8,4.47,NA,F,A,N,9/24/2018,IN,57.2,57,106.2,4.39,NA,F,A,Y,280,0,1,1,1
814,11/4/2015,IN,54.3,NA,101.4,4.48,4.2,F,A,Y,11/18/2015,OUT,53.8,NA,108.8,3.19,3.4,U,A,N,14,1,0,1,1
40,12/20/2014,OUT,69.1,NA,124.3,4.48,4.6,F,A,N,10/26/2015,IN,73.6,NA,121.8,6.54,6.3,F,A,Y,310,0,1,1,0
267,12/25/2014,IN,66.1,NA,122.8,4.49,4.8,F,A,N,10/25/2015,OUT,76.2,NA,128.1,8.91,9,F,A,Y,304,1,0,1,0
103,1/25/2011,IN,62,NA,113,4.5,NA,M,A,N,11/9/2015,IN,51.2,NA,99.3,4.78,4.4,F,A,Y,1749,0,0,0,0
60,11/4/2010,IN,58.6,NA,100.3,4.5,NA,M,A,N,2/26/2013,OUT,62.9,NA,112.2,5.97,6.2,M,A,N,845,0,1,1,0
90,12/6/2011,IN,68.5,NA,107.6,4.5,4.4,F,A,Y,11/13/2012,IN,70.1,NA,100.4,3.93,3.2,M,A,N,343,0,0,0,0
177,1/19/2011,IN,58.5,NA,116.5,4.5,NA,M,A,N,11/4/2011,IN,63.9,NA,120.9,3.95,NA,M,A,N,289,0,0,0,1
93,11/30/2010,OUT,58.5,NA,111.1,4.5,NA,M,A,N,11/3/2011,IN,64,NA,115.5,3.52,NA,M,A,N,338,0,1,1,0
159,1/2/2011,IN,61,NA,114.5,4.5,NA,M,A,N,11/3/2011,OUT,60.9,NA,114.8,3.22,NA,M,A,N,305,1,0,1,0
579,11/22/2015,OUT,66.6,NA,124.5,4.53,4.6,U,A,N,12/4/2016,IN,67.3,66.5,132.4,8.77,NA,F,A,Y,378,0,1,1,0
682,12/4/2017,OUT,61,60.8,118.5,4.55,NA,U,A,N,9/26/2018,OUT,66.8,66.5,123.4,7.25,NA,F,A,Y,296,0,0,0,0
620,3/21/2015,OUT,69.7,NA,107.6,4.56,4.5,M,U,N,11/9/2015,IN,62.5,NA,106.1,3.93,3.9,M,A,N,233,0,1,1,1
666,11/8/2016,IN,63.3,63.6,116.1,4.58,NA,M,A,N,10/21/2018,IN,56.2,55.9,117.1,5.65,NA,U,U,N,712,1,0,1,0
224,11/27/2012,IN,62.9,NA,125.5,4.6,5.1,F,A,Y,11/9/2018,OUT,50,50.3,103.1,3.42,NA,F,A,Y,2173,1,0,1,0
822,11/5/2015,IN,63.7,NA,91.3,4.6,4.5,F,A,Y,11/12/2015,OUT,63.7,NA,97.8,3.26,3.2,U,U,N,7,1,0,1,1
187,11/9/2011,IN,64.8,NA,121.1,4.6,NA,M,A,N,12/9/2012,IN,52.6,NA,114.1,3.53,3.8,F,A,NA,396,0,0,0,0
38,10/14/2014,IN,50.7,NA,108.8,4.61,4.5,M,A,N,12/28/2014,OUT,56.1,NA,105.5,3.89,3.9,M,A,N,75,1,0,1,1
836,11/12/2015,IN,59.9,NA,97.9,4.62,4.6,F,A,Y,11/22/2015,OUT,61.2,NA,100.3,4.29,4.4,U,A,N,10,1,0,1,1
107,11/6/2012,IN,57.9,NA,109.5,4.62,4.1,F,A,Y,10/23/2013,IN,65.8,NA,122.1,8.23,6.6,F,A,Y,351,0,1,1,0
194,3/8/2012,OUT,60,NA,109.4,4.62,4.4,M,A,N,12/8/2012,IN,56.7,NA,83.7,3.07,3.1,M,A,N,275,0,1,1,1
678,4/27/2016,OUT,58.2,NA,97.5,4.64,5.2,U,A,N,11/30/2016,IN,58.1,57.7,101.6,3.27,NA,M,A,N,217,0,1,1,1
172,10/14/2014,IN,58.3,NA,105.9,4.64,4,M,A,N,12/20/2014,OUT,56.1,NA,105.3,3.45,2.8,M,A,N,67,1,0,1,1
668,10/30/2014,IN,57.6,NA,98,4.64,4.7,F,A,Y,11/17/2014,OUT,59.1,NA,99.7,2.91,3,F,A,N,18,1,0,1,1
384,12/7/2016,IN,57.2,56.6,101.1,4.65,NA,F,A,Y,11/25/2018,OUT,65.8,65.7,121.3,5.82,NA,F,A,Y,718,1,0,1,0
618,11/3/2015,IN,57.9,NA,120.5,4.68,4.5,M,A,N,11/29/2015,OUT,67.8,NA,116.4,4.21,5.6,U,A,N,26,1,0,1,1
86,11/30/2010,IN,62.8,NA,128.5,4.7,NA,F,A,U,11/27/2012,IN,69.8,NA,124.8,4.89,4.9,F,A,Y,728,0,0,0,0
308,11/3/2012,OUT,62,NA,79.9,4.7,6,F,A,Y,11/27/2012,IN,60,NA,87.7,2.89,2,F,A,Y,24,0,1,1,1
90,11/30/2010,IN,60.7,NA,117.8,4.7,NA,M,A,N,12/6/2011,IN,68.5,NA,107.6,4.5,4.4,F,A,Y,371,0,0,0,0
791,4/3/2017,OUT,65.6,65.4,122.5,4.72,NA,U,A,N,4/14/2017,IN,63.2,62.8,116.8,5.93,NA,U,A,N,11,0,1,1,1
775,10/26/2015,IN,59.1,NA,100.7,4.72,4,F,A,Y,11/18/2015,OUT,55.5,NA,104,2.87,3.2,F,A,Y,23,1,0,1,1
771,10/26/2015,IN,56,NA,106.9,4.74,4.4,F,A,Y,11/26/2015,IN,51,NA,106.1,3.39,3.4,F,A,Y,31,0,0,0,1
313,11/1/2013,OUT,53.7,NA,97.9,4.74,4.4,F,A,Y,12/29/2014,IN,59.6,NA,107.9,3.42,3.4,F,A,N,423,0,1,1,0
226,11/16/2011,IN,64.7,NA,122.2,4.75,4.2,F,A,Y,3/3/2012,OUT,67.6,NA,126.9,NA,NA,F,A,Y,108,1,0,1,1
34,1/5/2011,OUT,68,NA,122,4.75,NA,F,A,U,12/21/2011,IN,61.7,NA,121.2,4.34,4.2,F,A,Y,350,0,1,1,0
355,11/22/2013,IN,69.1,NA,126.9,4.77,5,F,A,N,2/24/2014,OUT,68.4,NA,127.9,6.56,6.6,F,A,N,94,1,0,1,1
47,11/22/2013,IN,68.3,NA,125.6,4.79,5,F,A,N,11/22/2014,OUT,68.8,NA,116.3,6.59,6.2,F,A,Y,365,0,1,1,0
682,11/9/2015,IN,66.5,NA,119.2,4.81,5,F,A,N,11/16/2015,OUT,61,NA,113.8,3.84,4,U,A,N,7,1,0,1,1
914,12/17/2012,IN,65.4,NA,114.5,4.82,4.8,F,A,Y,2/25/2013,OUT,54.8,NA,120.9,7.37,9.2,F,A,Y,70,1,0,1,1
653,10/30/2014,IN,58.3,NA,111.6,4.83,5.1,M,U,N,12/24/2014,OUT,58.8,NA,108,3.68,3.6,M,U,N,55,1,0,1,1
98,11/10/2011,OUT,66.1,NA,109,4.83,NA,F,A,Y,12/6/2011,IN,61.7,NA,112.5,2.98,3.2,F,A,Y,26,0,1,1,1
351,11/1/2013,IN,52.4,NA,100.9,4.84,4.4,F,A,Y,4/17/2014,OUT,65.6,NA,110.8,8.4,8.2,F,A,N,167,1,0,1,1
67,11/27/2011,OUT,69.8,NA,106,4.84,4.6,F,A,Y,1/24/2012,IN,65.6,NA,103.3,3.64,3.6,F,A,Y,58,0,1,1,1
783,4/2/2016,OUT,52.1,NA,100.3,4.85,5,U,A,N,12/5/2016,IN,55.6,55.6,102.9,3.37,NA,M,A,N,247,0,1,1,1
87,11/28/2012,IN,62.5,NA,105.5,4.88,5.1,M,A,N,2/25/2013,OUT,59.3,NA,119.6,9.29,9,M,A,N,89,1,0,1,1
618,11/25/2016,IN,64.3,64.5,123.4,4.9,NA,M,A,N,10/22/2017,IN,64,63.9,120.5,6.17,NA,F,A,Y,331,1,0,1,0
126,11/27/2011,OUT,64.8,NA,109.9,4.91,4.8,F,A,Y,1/24/2012,IN,62,NA,111.2,3.64,4,F,A,Y,58,0,1,1,1
810,11/2/2015,IN,57,NA,105.1,4.94,4.8,F,A,Y,12/31/2015,OUT,60.6,NA,110.8,5.53,5.6,U,A,N,59,1,0,1,1
103,11/12/2015,OUT,51.9,NA,96.9,4.94,4.8,F,A,Y,11/21/2015,IN,53.9,NA,102.1,3.87,3.9,F,A,Y,9,0,1,1,1
207,10/27/2014,IN,59.1,NA,112,4.94,5.4,M,A,N,3/22/2015,OUT,62.8,NA,114,5.4,5.4,M,A,N,146,1,0,1,1
802,12/17/2017,OUT,69.8,69.5,131.4,4.95,NA,F,A,N,10/25/2018,IN,68.4,67.9,128.5,6.77,NA,F,A,Y,312,1,0,1,0
403,5/2/2017,OUT,60.3,60,111.5,4.95,NA,U,A,N,4/22/2018,OUT,61.2,61.3,108.8,5.06,NA,U,A,N,355,0,0,0,0
781,10/27/2015,IN,55.2,NA,109.3,4.96,5,F,A,Y,11/6/2015,OUT,61.1,NA,106.5,4.28,4.3,F,A,U,10,1,0,1,1
40,11/4/2010,IN,61.9,NA,108.5,5,NA,F,A,U,2/26/2013,OUT,78.2,NA,138.2,10.39,9.6,F,A,N,845,1,0,1,0
166,1/5/2011,OUT,63,NA,112.5,5,NA,F,A,U,11/2/2012,IN,74.2,NA,126.3,7.89,7.6,F,A,Y,667,1,0,1,0
75,11/29/2010,OUT,61.15,NA,118.52,5,NA,F,A,U,11/27/2011,IN,66.4,NA,115.8,5.19,4.8,F,A,Y,363,0,1,1,0
77,11/29/2010,OUT,54.5,NA,109.5,5,NA,F,A,U,11/27/2011,IN,65,NA,115.2,5.75,5.4,F,A,Y,363,0,1,1,0
666,10/22/2015,IN,60.5,NA,112.7,5.02,4.8,M,A,N,12/22/2015,OUT,60.5,NA,107,3.38,3,U,A,N,61,1,0,1,1
225,11/16/2011,IN,66.1,NA,115.8,5.02,5.4,F,A,Y,11/27/2011,OUT,58.8,NA,110,4.33,5,F,A,Y,11,1,0,1,1
311,3/14/2015,OUT,57.6,NA,106.2,5.03,4.8,F,A,N,10/26/2015,IN,60,NA,109.2,6.05,6,F,A,Y,226,0,1,1,1
790,10/28/2015,IN,60.8,NA,111.2,5.05,5,F,A,Y,12/2/2015,OUT,55.1,NA,97.4,4.94,5,F,A,Y,35,1,0,1,1
120,11/12/2012,OUT,54,NA,100.8,5.05,3.5,F,A,Y,12/16/2012,IN,54.4,NA,103.9,2.65,2.8,F,A,N,34,0,1,1,1
403,4/22/2018,OUT,61.2,61.3,108.8,5.06,NA,U,A,N,11/13/2018,OUT,53.3,53.2,86,3.11,NA,F,A,Y,205,0,1,1,1
308,11/1/2015,IN,70.3,NA,114.6,5.06,5,F,A,Y,11/11/2015,OUT,69.8,NA,117.2,4.26,4,F,A,Y,10,1,0,1,1
105,11/22/2011,OUT,68.5,NA,112.3,5.07,5.2,F,A,Y,12/5/2011,IN,66.5,NA,110.5,3.35,2.8,F,A,Y,13,0,1,1,1
369,10/24/2017,IN,55.5,58.6,102.3,5.09,NA,F,A,N,11/2/2018,IN,55.7,54.6,101.5,3.98,NA,F,A,Y,374,0,0,0,0
375,12/1/2017,OUT,63.8,62.7,128.1,5.15,NA,F,A,N,10/26/2018,IN,65,65.6,119.9,7.35,NA,F,A,Y,329,1,0,1,0
349,12/13/2014,OUT,67,NA,127.2,5.15,4.9,F,A,N,12/21/2014,IN,69.1,NA,115.8,5.18,5.2,F,A,N,8,0,1,1,1
288,12/22/2013,IN,64.4,NA,103.7,5.18,5.4,U,A,N,4/7/2014,OUT,70.3,NA,121.5,9.92,10.2,U,A,N,106,1,0,1,1
401,4/22/2018,OUT,61.1,61.2,110.5,5.19,NA,U,A,N,10/20/2018,IN,56.5,56.6,109.1,4.03,NA,M,A,N,181,0,1,1,1
75,11/27/2011,IN,66.4,NA,115.8,5.19,4.8,F,A,Y,12/6/2011,OUT,60.9,NA,114.5,4.55,4.6,F,A,Y,9,1,0,1,1
372,11/26/2016,IN,61.5,61.4,113.1,5.2,NA,F,A,Y,10/28/2017,IN,61.9,62,113.1,7.27,NA,F,A,Y,336,0,0,0,0
597,11/10/2016,OUT,58.8,58.6,106.4,5.21,NA,M,A,N,11/30/2016,IN,60.6,60.8,112.6,4.37,NA,M,A,N,20,0,1,1,1
792,10/26/2015,IN,62.6,NA,109.6,5.21,5.4,F,A,Y,11/2/2015,OUT,60.5,NA,108.5,4.05,4.2,F,A,Y,7,1,0,1,1
308,1/21/2016,OUT,62.8,NA,115.4,5.22,5,U,A,N,12/4/2016,IN,67.4,67.9,120.6,5.46,NA,F,A,Y,318,0,0,0,0
310,11/5/2012,OUT,63.4,NA,91.9,5.22,5.6,F,A,Y,11/27/2012,IN,62.6,NA,94.1,2.67,2.4,F,A,N,22,0,1,1,1
782,12/5/2016,IN,67.2,67.1,119.9,5.23,NA,F,A,N,5/8/2017,OUT,62.8,62.5,105.4,8.35,NA,U,A,N,154,1,0,1,1
802,10/26/2015,IN,61.5,NA,109.7,5.24,5.2,F,A,Y,11/1/2015,OUT,55.4,NA,96.5,3.65,3.6,F,A,Y,6,1,0,1,1
52,11/30/2010,IN,57.7,NA,114.5,5.25,NA,F,A,U,3/12/2012,OUT,63.9,NA,121.4,6.23,5.8,F,A,Y,468,1,0,1,0
178,1/25/2011,IN,62,NA,112,5.25,NA,F,A,U,2/1/2011,OUT,68,NA,118,5.75,NA,F,A,U,7,1,0,1,1
53,11/27/2011,IN,66.1,NA,120.6,5.28,5,F,A,Y,11/27/2012,IN,69.9,NA,120.6,4.46,4.3,F,A,N,366,0,0,0,0
703,11/22/2014,IN,58.4,NA,109.1,5.29,5.2,F,U,Y,12/24/2014,OUT,63.3,NA,88.4,3.76,3.8,F,U,N,32,1,0,1,1
575,12/5/2016,IN,66.6,66.6,107.5,5.3,NA,F,A,Y,12/13/2016,OUT,62.4,62.2,110.1,3.81,NA,F,A,Y,8,1,0,1,1
915,3/22/2015,OUT,53.1,NA,104.6,5.3,3.8,M,Y,N,10/26/2015,IN,55.2,NA,101.1,3.12,2.8,M,A,N,218,0,1,1,1
348,1/27/2014,IN,65.3,NA,117.5,5.3,4.6,M,A,N,2/21/2014,OUT,65.2,NA,120.5,7.23,7,M,A,N,25,1,0,1,1
91,11/30/2010,OUT,59.1,NA,110.1,5.3,NA,M,A,N,11/23/2011,IN,66.8,NA,121.5,3.6,3.8,M,A,N,358,0,1,1,0
856,2/25/2013,OUT,61.3,NA,106,5.31,5,M,A,N,11/28/2013,IN,52.6,NA,103.1,2.73,2.2,M,A,N,276,0,1,1,1
682,11/9/2016,IN,59.5,60.5,113.5,5.35,NA,F,A,N,12/4/2017,OUT,61,60.8,118.5,4.55,NA,U,A,N,390,0,0,0,0
692,3/8/2016,IN,60.9,NA,100.2,5.35,5.6,F,A,N,12/1/2016,IN,55.2,54.9,105.5,5.18,NA,F,A,Y,268,0,0,0,1
767,11/3/2015,OUT,61.6,NA,98.6,5.36,5.1,F,A,Y,11/9/2016,OUT,69.9,69.5,122.3,7.69,NA,F,A,Y,372,0,1,1,0
791,10/30/2015,IN,53.8,NA,112.4,5.39,5.2,F,A,Y,11/16/2015,OUT,61.1,NA,111.3,2.99,3.1,U,A,N,17,1,0,1,1
207,3/22/2015,OUT,62.8,NA,114,5.4,5.4,M,A,N,10/14/2015,IN,66.3,NA,114.4,4.45,4.8,M,A,N,206,0,1,1,1
308,1/15/2016,IN,65.3,NA,117.4,5.42,5.2,U,A,N,1/21/2016,OUT,62.8,NA,115.4,5.22,5,U,A,N,6,1,0,1,1
267,12/2/2015,IN,73.3,NA,128.1,5.43,5,U,A,N,11/30/2016,OUT,68.7,67.3,111,5.93,NA,F,A,Y,364,0,1,1,0
681,11/9/2015,IN,66.4,NA,115.4,5.43,5.4,F,A,Y,11/18/2015,OUT,59.9,NA,111.9,4.18,4.4,U,A,N,9,1,0,1,1
451,10/21/2018,IN,56.4,57.6,105.2,5.44,NA,F,A,Y,11/15/2018,OUT,67.5,66.1,101,7.05,NA,F,A,Y,25,1,0,1,1
307,11/3/2012,IN,56.1,NA,101.3,5.45,5.4,F,A,Y,11/27/2012,OUT,59,NA,107.4,3.38,2.7,F,A,N,24,1,0,1,1
699,11/30/2016,IN,61.6,66.2,106.1,5.46,NA,F,A,Y,4/5/2017,OUT,61.6,63,113.6,7.83,NA,U,A,N,126,1,0,1,1
886,2/26/2013,OUT,61.2,NA,111.3,5.48,5,M,A,N,4/7/2014,OUT,62.5,NA,110.2,5.95,5.8,F,A,N,405,0,0,0,0
782,11/1/2015,OUT,68.2,NA,126.7,5.53,5.4,U,A,N,11/10/2015,IN,63.5,NA,119,5.61,5.5,F,A,Y,9,0,1,1,1
618,10/13/2015,IN,57.9,NA,116.6,5.59,5.8,U,A,N,11/3/2015,OUT,56.7,NA,115.5,4.8,4.8,U,A,N,21,1,0,1,1
650,4/15/2016,OUT,60.1,NA,105.6,5.6,5.8,U,A,N,11/9/2016,IN,61.3,61.2,109.3,3.31,NA,M,A,N,208,0,1,1,1
229,11/21/2011,IN,69.6,NA,125.1,5.6,7,F,A,Y,3/4/2012,OUT,69.9,NA,122.3,9.97,9.6,U,A,U,104,1,0,1,1
782,11/10/2015,IN,63.5,NA,119,5.61,5.5,F,A,Y,11/18/2015,OUT,68.2,NA,123.5,3.86,4.2,U,A,N,8,1,0,1,1
311,11/22/2014,OUT,57.2,NA,105.1,5.62,5.2,F,A,Y,11/27/2014,IN,56.9,NA,93.8,3.63,3.6,F,A,U,5,0,1,1,1
145,11/23/2014,IN,65.3,NA,117.1,5.66,6,F,A,Y,12/1/2014,OUT,66.6,NA,116.8,3.95,3.8,F,A,N,8,1,0,1,1
267,12/5/2013,IN,65.6,NA,120.3,5.66,5.6,F,A,N,10/30/2014,OUT,67,NA,127.6,9.3,8.4,F,A,Y,329,1,0,1,0
447,10/28/2017,IN,62.1,61.9,99.9,5.74,NA,F,A,Y,10/28/2018,IN,59.8,59.8,101.6,5.75,NA,F,A,Y,365,0,0,0,0
311,10/30/2014,IN,53.6,NA,100.5,5.75,5.2,F,A,Y,11/22/2014,OUT,57.2,NA,105.1,5.62,5.2,F,A,Y,23,1,0,1,1
77,11/27/2011,IN,65,NA,115.2,5.75,5.4,F,A,Y,12/10/2012,OUT,69,NA,111.8,4.32,3.2,F,A,N,379,1,0,1,0
375,11/30/2016,IN,66.2,63.6,125.7,5.77,NA,F,A,Y,12/1/2017,OUT,63.8,62.7,128.1,5.15,NA,F,A,N,366,1,0,1,0
20,10/26/2015,IN,74.2,NA,119.1,5.8,5.9,F,A,Y,11/4/2015,IN,73.4,NA,118.3,6.59,6.6,F,A,Y,9,0,0,0,1
68,11/15/2010,IN,59.26,NA,112.15,5.8,NA,F,A,U,12/31/2010,OUT,60,NA,105,3,NA,F,A,U,46,1,0,1,1
682,10/26/2015,IN,65.8,NA,120.7,5.82,5.9,F,A,Y,11/1/2015,OUT,66,NA,116.7,4.3,5,F,A,Y,6,1,0,1,1
40,11/11/2015,IN,69.3,NA,114,5.9,5.8,F,A,Y,11/18/2015,OUT,66.7,NA,116.7,4.39,4.2,U,A,N,7,1,0,1,1
791,4/14/2017,IN,63.2,62.8,116.8,5.93,NA,U,A,N,12/4/2017,OUT,56.5,56.7,118,4.54,NA,U,A,N,234,1,0,1,1
60,2/26/2013,OUT,62.9,NA,112.2,5.97,6.2,M,A,N,10/22/2013,IN,62.6,NA,113.6,5.28,5.2,M,A,N,238,0,1,1,1
451,9/25/2018,OUT,59.3,58.9,110,5.98,NA,U,A,N,10/21/2018,IN,56.4,57.6,105.2,5.44,NA,F,A,Y,26,0,1,1,1
345,11/26/2014,OUT,65.7,NA,112.1,5.99,6,F,A,N,10/26/2015,IN,75.2,NA,129.7,7.02,7.2,F,A,Y,334,0,0,0,0
13,1/1/2011,OUT,64.6,NA,115.4,6,NA,F,A,Y,11/27/2011,IN,65.3,NA,110,5.98,5.6,F,A,Y,330,0,1,1,0
158,1/2/2011,OUT,69.5,NA,123,6,NA,F,A,U,11/27/2011,IN,60.5,NA,99.1,3.96,4,F,A,Y,329,0,1,1,0
20,11/4/2010,IN,59,NA,116.65,6,NA,F,A,U,11/9/2011,IN,68.5,NA,119.5,3.68,NA,F,A,U,370,0,0,0,0
40,11/3/2015,OUT,64.5,NA,114.7,6.05,6.2,F,A,Y,11/11/2015,IN,69.3,NA,114,5.9,5.8,F,A,Y,8,0,1,1,1
311,10/27/2015,OUT,53.8,NA,102.6,6.06,5.8,F,A,Y,2/19/2016,IN,58.9,NA,73.5,4.14,3.9,F,A,N,115,0,1,1,1
40,11/27/2013,OUT,70.5,NA,125.8,6.1,7,F,A,N,3/11/2014,IN,72.1,NA,126.3,8.17,8,F,A,N,104,1,0,1,1
326,10/31/2013,OUT,57.8,NA,104.2,6.1,5.8,F,A,Y,12/5/2013,IN,64.5,NA,107.7,4.13,4,F,A,N,35,0,1,1,1
69,11/15/2010,IN,56,NA,112.78,6.1,NA,U,A,N,11/30/2010,OUT,55.6,NA,111.4,4.5,NA,U,A,N,15,1,0,1,1
316,11/28/2012,OUT,62.4,NA,117.3,6.19,5.9,F,A,Y,10/30/2014,IN,64.3,NA,118,7.6,8,F,A,Y,701,0,1,1,0
307,10/28/2013,IN,65.3,NA,108.9,6.2,6,F,A,N,11/25/2013,OUT,61.2,NA,106.3,4.15,3.2,F,A,N,28,1,0,1,1
310,11/23/2014,OUT,67.8,NA,111.6,6.22,5.8,F,A,Y,11/28/2015,IN,66.5,NA,122.1,4.9,4.9,U,A,N,370,0,1,1,0
310,10/30/2014,OUT,65,NA,111.1,6.25,5.8,F,A,Y,11/23/2014,OUT,67.8,NA,111.6,6.22,5.8,F,A,Y,24,0,0,0,1
41,11/4/2010,IN,63.8,NA,113.3,6.25,NA,F,A,U,12/17/2010,OUT,62,NA,116.3,4.25,NA,F,A,U,43,1,0,1,1
288,12/5/2013,OUT,68.5,NA,110,6.27,6.4,U,A,N,12/22/2013,IN,64.4,NA,103.7,5.18,5.4,U,A,N,17,0,1,1,1
579,11/12/2015,IN,70.2,NA,126.4,6.28,6.3,F,A,Y,11/22/2015,OUT,66.6,NA,124.5,4.53,4.6,U,A,N,10,1,0,1,1
757,10/25/2015,IN,66.1,NA,116,6.28,6.2,F,A,Y,11/11/2015,OUT,66.7,NA,117.4,3.72,4,U,A,N,17,1,0,1,1
219,2/25/2013,OUT,62.5,NA,110.9,6.3,5.6,M,A,N,11/27/2013,OUT,57.5,NA,113,4.34,4.4,M,A,N,275,0,0,0,1
317,10/23/2013,IN,62.8,NA,110.2,6.3,6.2,F,A,Y,11/18/2013,OUT,59.6,NA,109.3,3.99,4.1,F,A,Y,26,1,0,1,1
315,10/26/2015,IN,62.7,NA,121.2,6.31,6.2,F,A,Y,11/26/2015,OUT,64.1,NA,113.3,3.68,3.5,U,A,N,31,1,0,1,1
107,10/30/2014,IN,58.8,NA,105.8,6.36,6.1,F,A,Y,12/21/2014,OUT,63.5,NA,108.5,3.7,3.8,F,A,N,52,1,0,1,1
430,10/28/2017,IN,60.8,61.5,112.8,6.38,NA,F,A,Y,12/17/2017,OUT,59.2,58.5,109.2,3.62,NA,F,A,N,50,1,0,1,1
348,2/26/2013,OUT,66.5,NA,116.6,6.38,6,M,A,N,11/27/2013,OUT,NA,NA,106.9,5.44,5,M,A,N,274,0,1,1,1
854,3/30/2017,OUT,56.9,56.8,106.9,6.4,NA,F,A,N,10/27/2017,IN,52.5,52.5,110.5,NA,NA,M,A,N,211,0,1,1,1
546,10/29/2018,IN,53.1,53.4,111,6.42,NA,F,A,Y,11/8/2018,OUT,65.8,65.2,116,4.75,NA,F,A,Y,10,1,0,1,1
778,10/26/2015,IN,59.5,NA,115.2,6.42,6.2,F,A,Y,11/1/2015,OUT,60.1,NA,94,4.42,4.4,F,A,Y,6,1,0,1,1
187,2/26/2013,OUT,68.2,NA,119.1,6.42,6.2,F,A,NA,11/21/2013,IN,61.6,NA,118.3,4.31,4.2,F,A,NA,268,0,1,1,1
446,10/28/2017,IN,62.9,62.7,112.8,6.45,NA,F,A,Y,12/18/2017,OUT,64.4,61.2,102.8,4.47,NA,F,A,N,51,1,0,1,1
339,2/25/2013,OUT,66.4,NA,118.8,6.48,6.3,F,A,Y,12/5/2013,OUT,65.4,NA,122.1,4.61,4.2,F,A,N,283,0,0,0,1
20,11/23/2014,IN,68.3,NA,134.6,6.49,6.4,F,A,Y,10/26/2015,IN,74.2,NA,119.1,5.8,5.9,F,A,Y,337,0,0,0,0
34,11/4/2010,IN,56.02,NA,112,6.5,NA,F,A,U,1/5/2011,OUT,68,NA,122,4.75,NA,F,A,U,62,1,0,1,1
8,11/4/2010,IN,65.66,NA,118.71,6.5,NA,M,A,N,1/2/2011,OUT,57,NA,114.5,4.75,NA,M,A,N,59,1,0,1,1
58,11/4/2010,IN,56.9,NA,105.4,6.5,NA,F,A,U,11/15/2010,OUT,57.22,NA,111.55,7.1,NA,F,A,U,11,1,0,1,1
65,11/5/2010,OUT,61.69,NA,109.5,6.5,NA,F,A,U,11/15/2010,IN,60.64,NA,120.34,5.25,NA,F,A,U,10,0,1,1,1
526,10/23/2018,IN,56.1,56.7,116,6.51,NA,F,A,Y,10/31/2018,OUT,62,61.6,108.4,5.98,NA,F,A,Y,8,1,0,1,1
413,10/23/2017,IN,55.5,55,114.1,6.53,NA,F,A,Y,11/18/2017,OUT,51,47.5,90,2.42,NA,F,A,N,26,1,0,1,1
40,10/26/2015,IN,73.6,NA,121.8,6.54,6.3,F,A,Y,11/3/2015,OUT,64.5,NA,114.7,6.05,6.2,F,A,Y,8,1,0,1,1
781,12/5/2016,IN,69,68.4,115.2,6.57,NA,F,A,Y,11/10/2017,OUT,65.8,65,115.9,5,NA,F,A,N,340,1,0,1,0
47,11/22/2014,OUT,68.8,NA,116.3,6.59,6.2,F,A,Y,12/21/2014,IN,66.7,NA,110.8,4.16,4.6,F,A,N,29,0,1,1,1
308,12/31/2015,OUT,64.5,NA,120.3,6.6,6.96,U,A,N,1/15/2016,IN,65.3,NA,117.4,5.42,5.2,U,A,N,15,0,1,1,1
343,10/30/2014,IN,68.5,NA,129.2,6.63,7,F,A,Y,12/27/2014,OUT,65.4,NA,121.4,4.24,4.4,F,A,N,58,1,0,1,1
825,11/9/2015,IN,60.1,NA,113,6.66,6.2,F,A,Y,11/15/2015,OUT,69.8,NA,117.4,4.61,5.3,F,A,N,6,1,0,1,1
205,2/25/2013,OUT,64.4,NA,104,6.67,6,M,A,N,4/6/2014,OUT,66,NA,108.2,6.77,7.2,M,A,N,405,0,1,1,0
376,11/30/2016,IN,64.8,63.3,122.4,6.68,NA,F,A,Y,10/27/2017,IN,71.8,71.7,130.3,9.51,NA,F,A,Y,331,0,0,0,0
445,10/28/2017,OUT,63,63,124.9,6.71,NA,F,A,U,10/20/2018,IN,66.1,66.2,133.2,10.96,NA,F,A,Y,357,0,1,1,0
812,11/2/2015,OUT,67.9,NA,123.5,6.71,6.2,F,A,Y,11/8/2015,IN,63.3,NA,121.7,5.43,5.4,F,A,Y,6,0,1,1,1
802,10/25/2018,IN,68.4,67.9,128.5,6.77,NA,F,A,Y,11/9/2018,OUT,70.8,71.6,93.3,4.18,NA,F,A,N,15,1,0,1,1
205,4/6/2014,OUT,66,NA,108.2,6.77,7.2,M,A,N,12/23/2014,IN,63.4,NA,108.8,4,3.6,M,A,N,261,0,1,1,1
325,2/26/2013,OUT,62.8,NA,112.8,6.8,6.8,F,A,N,11/6/2014,IN,50.9,NA,88.6,2.15,2.1,M,Y,N,618,1,0,1,0
308,2/26/2013,OUT,60.1,NA,104.6,6.81,6.8,F,A,N,11/26/2013,IN,61.9,NA,107.6,3.56,4,F,A,N,273,0,1,1,1
353,4/26/2014,OUT,61.7,NA,105.3,6.84,6.4,F,A,N,12/20/2014,IN,67.3,NA,107.2,3.62,3.8,F,A,N,238,0,1,1,1
343,2/26/2013,OUT,69,NA,126.8,6.84,7.6,F,A,N,10/30/2014,IN,68.5,NA,129.2,6.63,7,F,A,Y,611,0,1,1,0
40,10/30/2014,IN,76.5,NA,129.6,6.86,7,F,A,Y,12/20/2014,OUT,69.1,NA,124.3,4.48,4.6,F,A,N,51,1,0,1,1
206,11/10/2011,IN,67.4,NA,120.9,6.88,NA,F,A,Y,3/8/2012,OUT,59.6,NA,121.9,7.13,7.2,F,A,Y,119,1,0,1,1
145,11/4/2012,IN,65.3,NA,110.1,6.92,6.3,F,A,Y,10/30/2013,IN,67.5,NA,118.4,7.74,7.6,F,A,Y,360,0,1,1,0
36,11/4/2010,IN,57,NA,113.5,7,NA,F,A,U,1/1/2011,OUT,61.9,NA,110.5,3.75,NA,F,A,U,58,1,0,1,1
29,11/4/2010,IN,60.5,NA,107.25,7,NA,F,A,U,11/16/2010,IN,65.75,NA,110.26,6.75,NA,F,A,U,12,0,0,0,1
236,2/26/2013,OUT,68.8,NA,116.1,7.01,8.2,F,A,N,10/23/2013,IN,74.5,NA,125.6,9.36,8.6,F,A,Y,239,0,1,1,1
345,10/26/2015,IN,75.2,NA,129.7,7.02,7.2,F,A,Y,11/6/2015,OUT,71.7,NA,127.4,5.55,5.6,M,A,N,11,1,0,1,1
451,11/15/2018,OUT,67.5,66.1,101,7.05,NA,F,A,Y,11/30/2018,IN,66.7,65.9,103.6,5.37,NA,F,A,Y,15,0,1,1,1
805,5/3/2016,OUT,59.4,NA,112.2,7.06,8,F,A,N,12/5/2016,OUT,64.6,64.6,119.8,5.23,NA,F,A,Y,216,0,0,0,1
20,10/30/2014,IN,71.2,NA,133.3,7.08,8.8,F,A,Y,11/23/2014,IN,68.3,NA,134.6,6.49,6.4,F,A,Y,24,0,0,0,1
187,10/30/2014,IN,60.7,NA,126.4,7.09,7.2,F,A,Y,11/24/2014,OUT,NA,NA,NA,4.04,5.2,F,A,N,25,1,0,1,1
206,3/8/2012,OUT,59.6,NA,121.9,7.13,7.2,F,A,Y,12/26/2012,IN,66.7,NA,113.8,3.7,3.7,F,A,N,293,0,1,1,1
741,4/14/2016,OUT,54.2,NA,106.5,7.16,6.9,F,A,N,12/5/2016,IN,59.1,59,109.1,3.5,NA,F,A,N,235,0,1,1,1
802,12/4/2016,IN,65.3,66.9,123.9,7.19,NA,F,A,Y,12/17/2017,OUT,69.8,69.5,131.4,4.95,NA,F,A,N,378,1,0,1,0
682,9/26/2018,OUT,66.8,66.5,123.4,7.25,NA,F,A,Y,10/26/2018,IN,70.6,71.1,125.6,7.24,NA,F,A,Y,30,0,1,1,1
782,10/26/2015,IN,69,NA,125.4,7.26,7.6,F,A,Y,11/1/2015,OUT,68.2,NA,126.7,5.53,5.4,U,A,N,6,1,0,1,1
375,10/26/2018,IN,65,65.6,119.9,7.35,NA,F,A,Y,11/12/2018,OUT,65.9,65.4,131.1,4.86,NA,F,A,Y,17,1,0,1,1
424,10/24/2017,IN,66.3,65,115.5,7.35,NA,F,A,N,12/17/2017,OUT,68.1,68.1,113,3.67,NA,F,A,N,54,1,0,1,1
914,2/25/2013,OUT,54.8,NA,120.9,7.37,9.2,F,A,Y,10/22/2013,OUT,69.4,NA,103.8,8.28,8,F,A,Y,239,0,0,0,1
348,1/14/2014,OUT,67.9,NA,101.1,7.44,6.6,M,A,N,1/27/2014,IN,65.3,NA,117.5,5.3,4.6,M,A,N,13,0,1,1,1
308,3/27/2015,OUT,66.1,NA,123,7.45,7,F,A,N,11/1/2015,IN,70.3,NA,114.6,5.06,5,F,A,Y,219,0,1,1,1
451,10/31/2017,IN,57.5,57.2,117.9,7.48,NA,F,A,Y,12/17/2017,OUT,66.8,66.5,119.6,3.74,NA,F,A,N,47,1,0,1,1
464,11/14/2017,IN,67.5,67.5,118,7.49,NA,F,A,Y,12/4/2017,OUT,68.2,67.6,125.1,4.45,NA,F,A,N,20,1,0,1,1
10,11/4/2010,IN,61.98,NA,116.86,7.5,NA,F,A,U,1/1/2011,OUT,68.5,NA,120,5.25,NA,F,A,U,58,1,0,1,1
446,11/2/2018,IN,60.4,59.4,118.2,7.54,NA,F,A,Y,11/25/2018,OUT,64.5,63.5,114.1,5.77,NA,F,A,Y,23,1,0,1,1
573,10/26/2015,IN,65.5,NA,117.8,7.6,7.4,F,A,Y,11/1/2015,OUT,60,NA,115.5,6.44,6.2,F,A,Y,6,1,0,1,1
315,10/30/2014,IN,73.3,NA,124.6,7.6,7.2,F,A,Y,12/6/2014,OUT,64.8,NA,116.3,4.19,4,F,A,N,37,1,0,1,1
187,4/4/2014,OUT,63.9,NA,121.8,7.61,7,F,A,N,10/30/2014,IN,60.7,NA,126.4,7.09,7.2,F,A,Y,209,0,1,1,1
345,11/26/2013,OUT,73.6,NA,128.2,7.67,7.6,F,A,NA,10/30/2014,IN,76.7,NA,136.2,9.91,9.6,F,A,Y,338,0,1,1,0
411,10/22/2017,IN,59,59.2,117.8,7.72,NA,F,A,Y,11/18/2017,OUT,64.5,69,114.7,4.02,NA,F,A,Y,27,1,0,1,1
145,10/30/2013,IN,67.5,NA,118.4,7.74,7.6,F,A,Y,11/23/2013,OUT,65.8,NA,108.7,3.93,5.4,F,A,N,24,1,0,1,1
349,10/23/2013,IN,73.2,NA,132.9,7.81,7.6,F,A,Y,4/6/2014,OUT,70,NA,132.5,11.45,11,F,A,N,165,1,0,1,1
699,4/5/2017,OUT,61.6,63,113.6,7.83,NA,U,A,N,10/27/2017,IN,65.6,65.4,116.3,8.02,NA,F,A,Y,205,0,1,1,1
441,10/27/2017,IN,63.4,63.7,112.3,7.89,NA,F,A,Y,12/17/2017,OUT,67.4,67,118.1,4.46,NA,F,A,N,51,1,0,1,1
166,11/2/2012,IN,74.2,NA,126.3,7.89,7.6,F,A,Y,2/26/2013,OUT,72.6,NA,140,10.36,10,F,A,N,116,1,0,1,1
539,10/15/2018,IN,62.2,62.2,110.5,7.93,NA,F,A,Y,11/24/2018,OUT,61,61.4,111.2,5.04,NA,F,A,N,40,1,0,1,1
408,10/19/2017,IN,61.5,66.2,108.7,8.01,NA,F,A,Y,10/28/2017,IN,62.2,62.4,116.3,6.92,NA,F,A,Y,9,0,0,0,1
699,10/27/2017,IN,65.6,65.4,116.3,8.02,NA,F,A,Y,10/20/2018,IN,66.6,65.4,122.4,8.23,NA,F,A,Y,358,1,0,1,0
914,11/3/2012,OUT,62.9,NA,117.1,8.09,7.6,F,A,Y,12/17/2012,IN,65.4,NA,114.5,4.82,4.8,F,A,Y,44,0,1,1,1
2,11/4/2010,IN,55.95,NA,95.78,8.1,NA,F,A,U,11/16/2010,IN,52.46,NA,98.25,5.4,NA,F,A,U,12,0,0,0,1
40,3/11/2014,IN,72.1,NA,126.3,8.17,8,F,A,N,4/17/2014,OUT,71.2,NA,124.6,8.92,9,F,A,N,37,1,0,1,1
579,10/14/2015,IN,62.9,NA,118.2,8.21,8.2,F,A,Y,11/12/2015,IN,70.2,NA,126.4,6.28,6.3,F,A,Y,29,0,0,0,1
107,10/23/2013,IN,65.8,NA,122.1,8.23,6.6,F,A,Y,11/26/2013,OUT,61.5,NA,117.4,4.46,3.6,F,A,N,34,1,0,1,1
47,11/4/2010,OUT,61.5,NA,117.8,8.25,NA,F,A,U,1/2/2011,IN,65,NA,115.8,4,NA,F,A,U,59,0,1,1,1
12,11/4/2010,IN,62.5,NA,125.04,8.25,NA,F,A,U,1/1/2011,OUT,69.5,NA,125.5,6.75,NA,F,A,U,58,1,0,1,1
52,11/4/2010,OUT,57.4,NA,115.3,8.25,NA,F,A,U,11/30/2010,IN,57.7,NA,114.5,5.25,NA,F,A,U,26,0,1,1,1
914,10/22/2013,OUT,69.4,NA,103.8,8.28,8,F,A,Y,11/26/2013,IN,63.9,NA,104,4.09,3.9,F,A,N,35,0,1,1,1
782,5/8/2017,OUT,62.8,62.5,105.4,8.35,NA,U,A,N,10/26/2018,IN,65.4,64.5,132,10.58,NA,F,A,Y,536,1,0,1,0
351,4/17/2014,OUT,65.6,NA,110.8,8.4,8.2,F,A,N,11/6/2014,IN,72.9,NA,115.4,6.87,7.2,F,A,Y,203,0,1,1,1
13,11/4/2010,IN,59.16,NA,109.75,8.5,NA,F,A,U,1/1/2011,OUT,64.6,NA,115.4,6,NA,F,A,Y,58,1,0,1,1
166,10/22/2013,IN,73.3,NA,127.1,8.53,8.4,F,A,Y,11/17/2013,OUT,62.4,NA,129.7,4.4,4.2,F,A,N,26,1,0,1,1
267,11/1/2013,OUT,68.6,NA,125,8.61,7.4,F,A,Y,12/2/2013,IN,69.1,NA,114,5.23,5.2,F,A,N,31,0,1,1,1
346,2/26/2013,OUT,64.6,NA,118.6,8.65,8.2,F,A,N,10/29/2013,IN,68.1,NA,121.7,10.12,9.8,F,A,Y,245,0,1,1,1
35,11/4/2010,IN,67.75,NA,128.65,8.75,NA,F,A,U,11/27/2011,IN,63,NA,123.1,5.17,5,F,A,Y,388,0,0,0,0
579,12/4/2016,IN,67.3,66.5,132.4,8.77,NA,F,A,Y,11/30/2018,IN,68.3,68.3,132.6,7.39,NA,U,A,N,726,1,0,1,0
407,10/23/2017,IN,71.1,71,132.5,8.78,NA,F,A,Y,10/23/2018,IN,56.6,57.9,117.7,8.08,NA,F,A,Y,365,0,0,0,0
267,10/25/2015,OUT,76.2,NA,128.1,8.91,9,F,A,Y,12/2/2015,IN,73.3,NA,128.1,5.43,5,U,A,N,38,0,1,1,1
40,4/17/2014,OUT,71.2,NA,124.6,8.92,9,F,A,N,10/30/2014,IN,76.5,NA,129.6,6.86,7,F,A,Y,196,0,1,1,1
387,10/23/2018,IN,67,68.2,119.1,8.94,NA,F,A,Y,11/13/2018,OUT,63.5,62.8,119.1,5,NA,U,A,N,21,1,0,1,1
53,11/4/2010,OUT,61.6,NA,122.9,9,NA,F,A,U,11/23/2011,OUT,72.9,NA,127.4,5.17,5,F,A,Y,384,1,0,1,0
28,11/5/2010,OUT,58.51,NA,100.95,9,NA,F,A,U,11/15/2010,IN,65.1,NA,119.6,7,NA,F,A,U,10,0,1,1,1
308,4/8/2014,OUT,71.7,NA,121.7,9.1,12,F,A,N,12/20/2014,IN,67.7,NA,113.6,4.33,4,F,A,N,256,0,1,1,1
67,11/15/2010,OUT,63.86,NA,122.07,9.2,NA,F,A,U,11/27/2011,OUT,69.8,NA,106,4.84,4.6,F,A,Y,377,0,1,1,0
267,10/23/2013,IN,72,NA,122.3,9.24,8.8,F,A,Y,11/1/2013,OUT,68.6,NA,125,8.61,7.4,F,A,Y,9,0,1,1,1
267,10/30/2014,OUT,67,NA,127.6,9.3,8.4,F,A,Y,12/25/2014,IN,66.1,NA,122.8,4.49,4.8,F,A,N,56,0,1,1,1
20,4/26/2014,OUT,69.4,NA,133.2,9.49,9.4,F,A,N,10/30/2014,OUT,68.1,NA,137.9,6.9,7,F,A,Y,187,0,0,0,1
40,10/22/2013,IN,72.2,NA,127.2,9.6,9.2,F,A,Y,11/27/2013,OUT,70.5,NA,125.8,6.1,7,F,A,N,36,1,0,1,1
257,2/26/2013,OUT,72.4,NA,126.4,9.65,9.2,F,A,N,10/28/2013,IN,68.9,NA,130.3,10.21,10.2,F,A,Y,244,0,1,1,1
345,10/30/2014,IN,76.7,NA,136.2,9.91,9.6,F,A,Y,11/26/2014,OUT,65.7,NA,112.1,5.99,6,F,A,N,27,1,0,1,1
310,10/30/2013,OUT,70.7,NA,125.9,10.04,10,F,A,Y,11/26/2013,IN,66.9,NA,91.5,3.93,3.2,F,A,N,27,0,1,1,1
349,10/30/2014,IN,75.8,NA,129.6,10.09,9.8,F,A,Y,12/13/2014,OUT,67,NA,127.2,5.15,4.9,F,A,N,44,1,0,1,1
346,10/29/2013,IN,68.1,NA,121.7,10.12,9.8,F,A,Y,5/7/2014,OUT,68.6,NA,115.5,8.74,8.6,F,A,N,190,1,0,1,1
257,10/28/2013,IN,68.9,NA,130.3,10.21,10.2,F,A,Y,12/4/2013,OUT,66.9,NA,127,5.51,6,F,A,N,37,1,0,1,1
166,2/26/2013,OUT,72.6,NA,140,10.36,10,F,A,N,10/22/2013,IN,73.3,NA,127.1,8.53,8.4,F,A,Y,238,0,1,1,1
20,10/19/2013,IN,76.4,NA,143,10.37,10.2,F,A,Y,4/26/2014,OUT,69.4,NA,133.2,9.49,9.4,F,A,N,189,1,0,1,1
40,2/26/2013,OUT,78.2,NA,138.2,10.39,9.6,F,A,N,10/22/2013,IN,72.2,NA,127.2,9.6,9.2,F,A,Y,238,0,1,1,1
345,2/26/2013,OUT,73.3,NA,126.3,10.7,10,F,A,NA,11/26/2013,OUT,73.6,NA,128.2,7.67,7.6,F,A,NA,273,0,1,1,1
445,10/20/2018,IN,66.1,66.2,133.2,10.96,NA,F,A,Y,11/13/2018,OUT,62.2,62,131.7,8.35,NA,F,A,Y,24,1,0,1,1
349,4/6/2014,OUT,70,NA,132.5,11.45,11,F,A,N,10/30/2014,IN,75.8,NA,129.6,10.09,9.8,F,A,Y,207,0,1,1,1
795,11/1/2015,IN,63.1,NA,113.5,NA,5,F,A,Y,11/11/2015,OUT,61.2,NA,118.7,3.9,4,F,A,Y,10,1,0,1,1
296,3/3/2012,OUT,66.9,NA,120.6,NA,NA,U,A,N,3/9/2012,IN,60.3,NA,107.3,4.18,4.2,U,A,N,6,0,1,1,1
,,,,,,,,,,,,,,,,,,,,,,,,,
,,,,,,,,,,,,,,,,,,,,,,,,,
